[{"id": 1, "query": "\u4e94\u611f\u516d\u89c9\u662f\u54ea\u4e94\u611f\u516d\u89c9", "good_ab_doc_list": [8, 9, 0, 7], "bad_ab_doc_list": [6, 10, 4], "other_doc_list": [5, 7, 9, 13, 3, 1, 0, 11, 2, 12], "doc_list": [["crop/1_6.png", "landing_page/1_6.png", 6], ["crop/1_11.png", "landing_page/1_11.png", 11], ["crop/1_4.png", "landing_page/1_4.png", 4], ["crop/1_8.png", "landing_page/1_8.png", 8], ["crop/1_5.png", "landing_page/1_5.png", 5], ["crop/1_7.png", "landing_page/1_7.png", 7], ["crop/1_10.png", "landing_page/1_10.png", 10], ["crop/1_17.png", "landing_page/1_17.png", 17], ["crop/1_3.png", "landing_page/1_3.png", 3], ["crop/1_1.png", "landing_page/1_1.png", 1], ["crop/1_0.png", "crop/1_0.png", 0], ["crop/1_14.png", "landing_page/1_14.png", 14], ["crop/1_2.png", "landing_page/1_2.png", 2], ["crop/1_15.png", "landing_page/1_15.png", 15]], "end_info": {"0": 1, "1": 5, "2": 0, "3": 0, "4": 0, "5": 0, "6": 0, "7": 0, "8": 0, "9": 0, "total": 4, "answer": "", "time_stamp": {"0": 0.21344542503356934, "1": -0.1113424301147461, "2": -0.1564347743988037, "3": -0.16214346885681152, "4": -0.1907494068145752, "5": -0.17600154876708984, "6": 4.664202451705933}}}, {"id": 2, "query": "\u6cdb\u534e\u96c6\u56e2\u662f\u56fd\u4f01\u5417", "good_ab_doc_list": [0, 3, 1], "bad_ab_doc_list": [9, 10, 2, 12, 4], "other_doc_list": [1, 7, 13, 3, 5, 11, 14, 15, 16, 6, 8], "doc_list": [["crop/2_9.png", "landing_page/2_9.png", 9], ["crop/2_11.png", "landing_page/2_11.png", 11], ["crop/2_2.png", "landing_page/2_2.png", 2], ["crop/2_13.png", "landing_page/2_13.png", 13], ["crop/2_4.png", "landing_page/2_4.png", 4], ["crop/2_0.png", "landing_page/2_0.png", 0], ["crop/2_1.png", "landing_page/2_1.png", 1], ["crop/2_7.png", "landing_page/2_7.png", 7], ["crop/2_14.png", "landing_page/2_14.png", 14], ["crop/2_3.png", "landing_page/2_3.png", 3], ["crop/2_5.png", "landing_page/2_5.png", 5], ["crop/2_12.png", "landing_page/2_12.png", 12], ["crop/2_15.png", "landing_page/2_15.png", 15], ["crop/2_16.png", "landing_page/2_16.png", 16], ["crop/2_17.png", "landing_page/2_17.png", 17], ["crop/2_6.png", "landing_page/2_6.png", 6], ["crop/2_8.png", "landing_page/2_8.png", 8]], "end_info": {"0": 4, "1": 0, "2": 0, "3": 0, "4": 0, "5": 0, "6": 0, "7": 0, "8": 0, "9": 0, "total": 4, "answer": "", "time_stamp": {"0": 2.2144503593444824}}}, {"id": 3, "query": "\u515a\u7ec4\u7ec7\u8ba8\u8bba\u51b3\u5b9a\u95ee\u9898\u5fc5\u987b\u6267\u884c\u4ec0\u4e48\u7684\u539f\u5219", "good_ab_doc_list": [0, 6, 13, 8, 10], "bad_ab_doc_list": [7, 5, 4, 11], "other_doc_list": [15, 18, 17, 1, 12, 8, 10, 14, 3, 6, 13, 16, 9, 2], "doc_list": [["crop/3_7.png", "landing_page/3_7.png", 7], ["crop/3_5.png", "landing_page/3_5.png", 5], ["crop/3_4.png", "landing_page/3_4.png", 4], ["crop/3_11.png", "landing_page/3_11.png", 11], ["crop/3_0.png", "landing_page/3_0.png", 0], ["crop/3_16.png", "landing_page/3_16.png", 16], ["crop/3_19.png", "landing_page/3_19.png", 19], ["crop/3_18.png", "landing_page/3_18.png", 18], ["crop/3_1.png", "landing_page/3_1.png", 1], ["crop/3_12.png", "landing_page/3_12.png", 12], ["crop/3_8.png", "landing_page/3_8.png", 8], ["crop/3_10.png", "landing_page/3_10.png", 10], ["crop/3_15.png", "landing_page/3_15.png", 15], ["crop/3_3.png", "landing_page/3_3.png", 3], ["crop/3_6.png", "landing_page/3_6.png", 6], ["crop/3_13.png", "landing_page/3_13.png", 13], ["crop/3_17.png", "landing_page/3_17.png", 17], ["crop/3_9.png", "landing_page/3_9.png", 9], ["crop/3_2.png", "landing_page/3_2.png", 2]], "end_info": {"0": 2, "1": 1, "2": 1, "3": 5, "4": 0, "5": 0, "6": 0, "7": 0, "8": 0, "9": 0, "total": 4, "answer": "", "time_stamp": {"0": 1.826183557510376, "1": 5.457164525985718, "2": 7.7059996128082275, "3": 6.995904922485352}}}, {"id": 4, "query": "\u5357\u65b9\u79d1\u6280\u5927\u5b66\u5b66\u8d39\u591a\u5c11", "good_ab_doc_list": [4, 9, 0, 13, 2, 3], "bad_ab_doc_list": [7, 8, 6, 12, 5, 10], "other_doc_list": [11, 6, 12, 1, 8, 18, 3, 7, 9, 2, 14, 5, 16, 13, 15, 10, 17, 0], "doc_list": [["crop/4_4.png", "landing_page/4_4.png", 4], ["crop/4_11.png", "landing_page/4_11.png", 11], ["crop/4_6.png", "landing_page/4_6.png", 6], ["crop/4_12.png", "landing_page/4_12.png", 12], ["crop/4_1.png", "landing_page/4_1.png", 1], ["crop/4_8.png", "landing_page/4_8.png", 8], ["crop/4_19.png", "landing_page/4_19.png", 19], ["crop/4_3.png", "landing_page/4_3.png", 3], ["crop/4_7.png", "landing_page/4_7.png", 7], ["crop/4_9.png", "landing_page/4_9.png", 9], ["crop/4_2.png", "landing_page/4_2.png", 2], ["crop/4_15.png", "landing_page/4_15.png", 15], ["crop/4_5.png", "landing_page/4_5.png", 5], ["crop/4_17.png", "landing_page/4_17.png", 17], ["crop/4_14.png", "landing_page/4_14.png", 14], ["crop/4_16.png", "landing_page/4_16.png", 16], ["crop/4_10.png", "landing_page/4_10.png", 10], ["crop/4_18.png", "landing_page/4_18.png", 18], ["crop/4_0.png", "landing_page/4_0.png", 0]], "end_info": {"0": 2, "1": 4, "2": 0, "3": 0, "4": 0, "5": 0, "6": 0, "7": 0, "8": 0, "9": 0, "total": 4, "answer": "6000", "time_stamp": {"0": 2.039194107055664, "1": 4.617906332015991}}}, {"id": 5, "query": "\u5168\u56fd\u6709\u591a\u5c11\u4e2a\u53bf", "good_ab_doc_list": [0, 11], "bad_ab_doc_list": [6, 7], "other_doc_list": [2, 10, 16, 1, 11, 18, 4, 17, 3, 13, 8, 9, 15, 14, 5, 12], "doc_list": [["crop/5_6.png", "landing_page/5_6.png", 6], ["crop/5_7.png", "landing_page/5_7.png", 7], ["crop/5_0.png", "landing_page/5_0.png", 0], ["crop/5_2.png", "landing_page/5_2.png", 2], ["crop/5_11.png", "landing_page/5_11.png", 11], ["crop/5_17.png", "landing_page/5_17.png", 17], ["crop/5_1.png", "landing_page/5_1.png", 1], ["crop/5_12.png", "landing_page/5_12.png", 12], ["crop/5_19.png", "landing_page/5_19.png", 19], ["crop/5_4.png", "landing_page/5_4.png", 4], ["crop/5_18.png", "landing_page/5_18.png", 18], ["crop/5_3.png", "landing_page/5_3.png", 3], ["crop/5_14.png", "landing_page/5_14.png", 14], ["crop/5_8.png", "landing_page/5_8.png", 8], ["crop/5_10.png", "landing_page/5_10.png", 10], ["crop/5_16.png", "landing_page/5_16.png", 16], ["crop/5_15.png", "landing_page/5_15.png", 15], ["crop/5_5.png", "landing_page/5_5.png", 5], ["crop/5_13.png", "landing_page/5_13.png", 13]], "end_info": {"0": 1, "1": 5, "2": 0, "3": 0, "4": 0, "5": 0, "6": 0, "7": 0, "8": 0, "9": 0, "total": 5, "answer": "1347", "time_stamp": {"0": 2.686704158782959, "1": 9.206665992736816}}}, {"id": 6, "query": "\u4e70\u4e00\u53ea\u8428\u6469\u8036\u8981\u591a\u5c11\u94b1\uff1f", "good_ab_doc_list": [10, 14, 5, 0, 2, 1, 13, 7, 11, 8], "bad_ab_doc_list": [4, 12, 9], "other_doc_list": [17, 14, 13, 8, 2, 18, 1, 4, 5, 12, 7, 15, 6, 16, 11, 9, 3, 19, 0], "doc_list": [["crop/6_10.png", "landing_page/6_10.png", 10], ["crop/6_17.png", "landing_page/6_17.png", 17], ["crop/6_14.png", "landing_page/6_14.png", 14], ["crop/6_13.png", "landing_page/6_13.png", 13], ["crop/6_8.png", "landing_page/6_8.png", 8], ["crop/6_2.png", "landing_page/6_2.png", 2], ["crop/6_18.png", "landing_page/6_18.png", 18], ["crop/6_1.png", "landing_page/6_1.png", 1], ["crop/6_4.png", "landing_page/6_4.png", 4], ["crop/6_5.png", "landing_page/6_5.png", 5], ["crop/6_12.png", "landing_page/6_12.png", 12], ["crop/6_7.png", "landing_page/6_7.png", 7], ["crop/6_15.png", "landing_page/6_15.png", 15], ["crop/6_6.png", "landing_page/6_6.png", 6], ["crop/6_16.png", "landing_page/6_16.png", 16], ["crop/6_11.png", "landing_page/6_11.png", 11], ["crop/6_9.png", "landing_page/6_9.png", 9], ["crop/6_3.png", "landing_page/6_3.png", 3], ["crop/6_19.png", "landing_page/6_19.png", 19], ["crop/6_0.png", "landing_page/6_0.png", 0]], "end_info": {"0": 2, "1": 2, "2": 5, "3": 0, "4": 0, "5": 0, "6": 0, "7": 0, "8": 0, "9": 0, "total": 4, "answer": "", "time_stamp": {"0": 0.6728191375732422, "1": -0.09555768966674805, "2": 0.924785852432251, "3": 0.47790074348449707}}}, {"id": 7, "query": "90000\u33a1\u7b49\u4e8e\u591a\u5c11\u516c\u9877\uff1f", "good_ab_doc_list": [3, 1, 11], "bad_ab_doc_list": [5, 7, 10], "other_doc_list": [18, 11, 13, 16, 9, 12, 14, 1, 4, 15, 2, 17, 8, 6, 0], "doc_list": [["crop/7_5.png", "landing_page/7_5.png", 5], ["crop/7_8.png", "landing_page/7_8.png", 8], ["crop/7_11.png", "landing_page/7_11.png", 11], ["crop/7_3.png", "landing_page/7_3.png", 3], ["crop/7_19.png", "landing_page/7_19.png", 19], ["crop/7_12.png", "landing_page/7_12.png", 12], ["crop/7_14.png", "landing_page/7_14.png", 14], ["crop/7_17.png", "landing_page/7_17.png", 17], ["crop/7_10.png", "landing_page/7_10.png", 10], ["crop/7_13.png", "landing_page/7_13.png", 13], ["crop/7_15.png", "landing_page/7_15.png", 15], ["crop/7_1.png", "landing_page/7_1.png", 1], ["crop/7_4.png", "landing_page/7_4.png", 4], ["crop/7_16.png", "landing_page/7_16.png", 16], ["crop/7_2.png", "landing_page/7_2.png", 2], ["crop/7_18.png", "landing_page/7_18.png", 18], ["crop/7_9.png", "landing_page/7_9.png", 9], ["crop/7_6.png", "landing_page/7_6.png", 6], ["crop/7_0.png", "crop/7_0.png", 0]], "end_info": {"0": 2, "1": 1, "2": 3, "3": 5, "4": 0, "5": 0, "6": 0, "7": 0, "8": 0, "9": 0, "total": 4, "answer": "90", "time_stamp": {"0": 0.6690773963928223, "1": -0.0018754005432128906, "2": -0.0851583480834961, "3": 0.04114890098571777, "4": 0.408095121383667, "5": -0.04664421081542969, "6": 0.7950491905212402}}}, {"id": 9, "query": "\u6c34\u8c82\u591a\u5c11\u94b1\u4e00\u53ea\u597d\u517b\u5417", "good_ab_doc_list": [0, 12, 10, 9, 3, 4, 6, 7, 11, 8], "bad_ab_doc_list": [1, 5], "other_doc_list": [16, 2, 3, 5, 7, 9, 10, 8, 6, 17, 13, 4, 14, 15, 11, 12], "doc_list": [["crop/9_1.png", "landing_page/9_1.png", 1], ["crop/9_0.png", "landing_page/9_0.png", 0], ["crop/9_18.png", "landing_page/9_18.png", 18], ["crop/9_2.png", "landing_page/9_2.png", 2], ["crop/9_3.png", "landing_page/9_3.png", 3], ["crop/9_5.png", "landing_page/9_5.png", 5], ["crop/9_9.png", "landing_page/9_9.png", 9], ["crop/9_11.png", "landing_page/9_11.png", 11], ["crop/9_12.png", "landing_page/9_12.png", 12], ["crop/9_10.png", "landing_page/9_10.png", 10], ["crop/9_6.png", "landing_page/9_6.png", 6], ["crop/9_19.png", "landing_page/9_19.png", 19], ["crop/9_15.png", "landing_page/9_15.png", 15], ["crop/9_4.png", "landing_page/9_4.png", 4], ["crop/9_16.png", "landing_page/9_16.png", 16], ["crop/9_17.png", "landing_page/9_17.png", 17], ["crop/9_13.png", "landing_page/9_13.png", 13], ["crop/9_14.png", "landing_page/9_14.png", 14]], "end_info": {"0": 5, "1": 0, "2": 0, "3": 0, "4": 0, "5": 0, "6": 0, "7": 0, "8": 0, "9": 0, "total": 5, "answer": "", "time_stamp": {"0": 0.0844278335571289}}}, {"id": 10, "query": "\u8840\u578b\u53ef\u4ee5\u6539\u53d8\u5417", "good_ab_doc_list": [0], "bad_ab_doc_list": [], "other_doc_list": [], "doc_list": [["crop/10_0.png", "crop/10_0.png", 0]], "end_info": {"0": 5, "1": 0, "2": 0, "3": 0, "4": 0, "5": 0, "6": 0, "7": 0, "8": 0, "9": 0, "total": 5, "answer": "", "time_stamp": {"0": 1439.0118234157562}}}, {"id": 11, "query": "\u6a80\u9999\u5c71\u662f\u54ea\u4e2a\u56fd\u5bb6\u7684", "good_ab_doc_list": [0, 12, 7, 9], "bad_ab_doc_list": [1, 4], "other_doc_list": [13, 14, 10, 3, 7, 5, 1, 2, 9, 12, 4, 11, 8, 16, 15, 6], "doc_list": [["crop/11_0.png", "landing_page/11_0.png", 0], ["crop/11_14.png", "landing_page/11_14.png", 14], ["crop/11_15.png", "landing_page/11_15.png", 15], ["crop/11_11.png", "landing_page/11_11.png", 11], ["crop/11_3.png", "landing_page/11_3.png", 3], ["crop/11_8.png", "landing_page/11_8.png", 8], ["crop/11_5.png", "landing_page/11_5.png", 5], ["crop/11_1.png", "landing_page/11_1.png", 1], ["crop/11_2.png", "landing_page/11_2.png", 2], ["crop/11_10.png", "landing_page/11_10.png", 10], ["crop/11_13.png", "landing_page/11_13.png", 13], ["crop/11_4.png", "landing_page/11_4.png", 4], ["crop/11_12.png", "landing_page/11_12.png", 12], ["crop/11_9.png", "landing_page/11_9.png", 9], ["crop/11_18.png", "landing_page/11_18.png", 18], ["crop/11_17.png", "landing_page/11_17.png", 17], ["crop/11_7.png", "landing_page/11_7.png", 7]], "end_info": {"0": 3, "1": 4, "2": 0, "3": 0, "4": 0, "5": 0, "6": 0, "7": 0, "8": 0, "9": 0, "total": 5, "answer": "", "time_stamp": {"0": 1.1993882656097412, "1": 5.543429613113403}}}, {"id": 12, "query": "\u7f8e\u56fd\u6709\u591a\u5c11\u4e2a\u5dde", "good_ab_doc_list": [0, 8, 11, 1, 9, 7], "bad_ab_doc_list": [5, 2, 6], "other_doc_list": [10, 9, 14, 7, 15, 8, 13, 12, 11, 3, 1, 4], "doc_list": [["crop/12_5.png", "landing_page/12_5.png", 5], ["crop/12_2.png", "landing_page/12_2.png", 2], ["crop/12_6.png", "landing_page/12_6.png", 6], ["crop/12_0.png", "landing_page/12_0.png", 0], ["crop/12_12.png", "landing_page/12_12.png", 12], ["crop/12_11.png", "landing_page/12_11.png", 11], ["crop/12_16.png", "landing_page/12_16.png", 16], ["crop/12_9.png", "landing_page/12_9.png", 9], ["crop/12_17.png", "landing_page/12_17.png", 17], ["crop/12_10.png", "landing_page/12_10.png", 10], ["crop/12_15.png", "landing_page/12_15.png", 15], ["crop/12_14.png", "landing_page/12_14.png", 14], ["crop/12_13.png", "landing_page/12_13.png", 13], ["crop/12_3.png", "landing_page/12_3.png", 3], ["crop/12_1.png", "landing_page/12_1.png", 1], ["crop/12_4.png", "landing_page/12_4.png", 4]], "end_info": {"0": 2, "1": 4, "2": 5, "3": 0, "4": 0, "5": 0, "6": 0, "7": 0, "8": 0, "9": 0, "total": 4, "answer": "51", "time_stamp": {"0": 4.023344278335571, "1": 4.3943915367126465, "2": 4.389570713043213}}}, {"id": 13, "query": "\u8d8a\u5171\u662f\u4ec0\u4e48\u6897", "good_ab_doc_list": [0], "bad_ab_doc_list": [2, 1], "other_doc_list": [6, 8, 4, 5, 16, 15, 19, 12, 10, 18, 2, 7, 13, 1, 3, 11, 14, 9, 17], "doc_list": [["crop/13_0.png", "landing_page/13_0.png", 0], ["crop/13_6.png", "landing_page/13_6.png", 6], ["crop/13_8.png", "landing_page/13_8.png", 8], ["crop/13_4.png", "landing_page/13_4.png", 4], ["crop/13_5.png", "landing_page/13_5.png", 5], ["crop/13_16.png", "landing_page/13_16.png", 16], ["crop/13_15.png", "landing_page/13_15.png", 15], ["crop/13_19.png", "landing_page/13_19.png", 19], ["crop/13_12.png", "landing_page/13_12.png", 12], ["crop/13_10.png", "landing_page/13_10.png", 10], ["crop/13_18.png", "landing_page/13_18.png", 18], ["crop/13_2.png", "landing_page/13_2.png", 2], ["crop/13_7.png", "landing_page/13_7.png", 7], ["crop/13_13.png", "landing_page/13_13.png", 13], ["crop/13_1.png", "landing_page/13_1.png", 1], ["crop/13_3.png", "landing_page/13_3.png", 3], ["crop/13_11.png", "landing_page/13_11.png", 11], ["crop/13_14.png", "landing_page/13_14.png", 14], ["crop/13_9.png", "landing_page/13_9.png", 9], ["crop/13_17.png", "landing_page/13_17.png", 17]], "end_info": {"0": 3, "1": 2, "2": 3, "3": 3, "4": 3, "5": 3, "6": 4, "7": 0, "8": 0, "9": 0, "total": 4, "answer": "", "time_stamp": {"0": 8.445185899734497, "1": 5.107929944992065, "2": 5.365176200866699, "3": 3.6598966121673584, "4": 5.111013650894165, "5": 3.8952596187591553, "6": 7.749242305755615}}}, {"id": 14, "query": "1\u82f1\u91cc\u7b49\u4e8e\u591a\u5c11\u516c\u91cc", "good_ab_doc_list": [6, 0, 2, 1, 14, 3, 12, 8, 9], "bad_ab_doc_list": [11, 7, 5], "other_doc_list": [12, 0, 16, 18, 5, 4, 8, 14, 7, 3, 1, 2, 17, 10, 13, 9, 15], "doc_list": [["crop/14_11.png", "landing_page/14_11.png", 11], ["crop/14_6.png", "landing_page/14_6.png", 6], ["crop/14_12.png", "landing_page/14_12.png", 12], ["crop/14_0.png", "crop/14_0.png", 0], ["crop/14_16.png", "landing_page/14_16.png", 16], ["crop/14_18.png", "landing_page/14_18.png", 18], ["crop/14_5.png", "landing_page/14_5.png", 5], ["crop/14_4.png", "landing_page/14_4.png", 4], ["crop/14_8.png", "landing_page/14_8.png", 8], ["crop/14_14.png", "landing_page/14_14.png", 14], ["crop/14_7.png", "landing_page/14_7.png", 7], ["crop/14_3.png", "landing_page/14_3.png", 3], ["crop/14_1.png", "landing_page/14_1.png", 1], ["crop/14_2.png", "landing_page/14_2.png", 2], ["crop/14_17.png", "landing_page/14_17.png", 17], ["crop/14_10.png", "landing_page/14_10.png", 10], ["crop/14_13.png", "landing_page/14_13.png", 13], ["crop/14_9.png", "landing_page/14_9.png", 9], ["crop/14_15.png", "landing_page/14_15.png", 15]], "end_info": {"0": 5, "1": 0, "2": 0, "3": 0, "4": 0, "5": 0, "6": 0, "7": 0, "8": 0, "9": 0, "total": 5, "answer": "1.6093", "time_stamp": {"0": 8.041662693023682}}}, {"id": 16, "query": "\u7701\u8f96\u5e02\u548c\u5730\u7ea7\u5e02\u54ea\u4e2a\u5927", "good_ab_doc_list": [2, 11, 0, 14], "bad_ab_doc_list": [9, 12, 5, 4, 10, 8], "other_doc_list": [13, 7, 6, 15, 16, 0, 11, 1, 14, 17, 8, 3], "doc_list": [["crop/16_9.png", "landing_page/16_9.png", 9], ["crop/16_12.png", "landing_page/16_12.png", 12], ["crop/16_5.png", "landing_page/16_5.png", 5], ["crop/16_4.png", "landing_page/16_4.png", 4], ["crop/16_10.png", "landing_page/16_10.png", 10], ["crop/16_2.png", "landing_page/16_2.png", 2], ["crop/16_13.png", "landing_page/16_13.png", 13], ["crop/16_7.png", "landing_page/16_7.png", 7], ["crop/16_6.png", "landing_page/16_6.png", 6], ["crop/16_15.png", "landing_page/16_15.png", 15], ["crop/16_16.png", "landing_page/16_16.png", 16], ["crop/16_0.png", "landing_page/16_0.png", 0], ["crop/16_11.png", "landing_page/16_11.png", 11], ["crop/16_1.png", "landing_page/16_1.png", 1], ["crop/16_14.png", "landing_page/16_14.png", 14], ["crop/16_17.png", "landing_page/16_17.png", 17], ["crop/16_8.png", "landing_page/16_8.png", 8], ["crop/16_3.png", "landing_page/16_3.png", 3]], "end_info": {"0": 2, "1": 2, "2": 2, "3": 2, "4": 4, "5": 0, "6": 0, "7": 0, "8": 0, "9": 0, "total": 4, "answer": "", "time_stamp": {"0": 26.38494086265564, "1": 14.933709144592285, "2": 9.387021780014038, "3": 10.228110074996948, "4": 12.92347002029419}}}, {"id": 19, "query": "\u4e9a\u6d32\u5206\u4e3a\u54ea\u516d\u4e2a\u5730\u533a", "good_ab_doc_list": [10, 5, 0], "bad_ab_doc_list": [3, 9, 6, 4], "other_doc_list": [17, 5, 14, 16, 7, 11, 0, 2, 1, 12, 8, 15, 4, 13], "doc_list": [["crop/19_3.png", "landing_page/19_3.png", 3], ["crop/19_11.png", "landing_page/19_11.png", 11], ["crop/19_8.png", "landing_page/19_8.png", 8], ["crop/19_12.png", "landing_page/19_12.png", 12], ["crop/19_19.png", "landing_page/19_19.png", 19], ["crop/19_5.png", "landing_page/19_5.png", 5], ["crop/19_16.png", "landing_page/19_16.png", 16], ["crop/19_18.png", "landing_page/19_18.png", 18], ["crop/19_9.png", "landing_page/19_9.png", 9], ["crop/19_13.png", "landing_page/19_13.png", 13], ["crop/19_0.png", "landing_page/19_0.png", 0], ["crop/19_2.png", "landing_page/19_2.png", 2], ["crop/19_1.png", "landing_page/19_1.png", 1], ["crop/19_14.png", "landing_page/19_14.png", 14], ["crop/19_10.png", "landing_page/19_10.png", 10], ["crop/19_17.png", "landing_page/19_17.png", 17], ["crop/19_4.png", "landing_page/19_4.png", 4], ["crop/19_15.png", "landing_page/19_15.png", 15]], "end_info": {"0": 1, "1": 1, "2": 1, "3": 1, "4": 1, "5": 1, "6": 5, "7": 0, "8": 0, "9": 0, "total": 3, "answer": "", "time_stamp": {"0": 5.914923906326294, "1": 3.7393674850463867, "2": 5.2078635692596436, "3": 3.772589683532715, "4": 3.7427313327789307, "5": 4.850463151931763, "6": 4.703603267669678}}}, {"id": 71, "query": "statue\u662f\u4ec0\u4e48\u610f\u601d\u4e2d\u6587", "good_ab_doc_list": [0], "bad_ab_doc_list": [], "other_doc_list": [], "doc_list": [["crop/71_0.png", "crop/71_0.png", 0]], "end_info": {"0": 5, "1": 0, "2": 0, "3": 0, "4": 0, "5": 0, "6": 0, "7": 0, "8": 0, "9": 0, "total": 5, "answer": "", "time_stamp": {"0": 5.3132898807525635}}}, {"id": 72, "query": "\u5f53\u4ee3\u7231\u56fd\u4e3b\u4e49\u7684\u9c9c\u660e\u4e3b\u9898\u662f\u4ec0\u4e48", "good_ab_doc_list": [0], "bad_ab_doc_list": [], "other_doc_list": [], "doc_list": [["crop/72_0.png", "crop/72_0.png", 0]], "end_info": {"0": 5, "1": 0, "2": 0, "3": 0, "4": 0, "5": 0, "6": 0, "7": 0, "8": 0, "9": 0, "total": 5, "answer": "", "time_stamp": {"0": 14.15477728843689}}}, {"id": 75, "query": "\u8fde\u4e91\u6e2f\u662f\u54ea\u4e2a\u7701", "good_ab_doc_list": [4, 3, 1], "bad_ab_doc_list": [7, 6, 10, 11, 5, 12, 8, 0, 2, 9], "other_doc_list": [9, 12, 16, 2, 3, 5, 15, 13, 8, 0, 1, 14], "doc_list": [["crop/75_8.png", "landing_page/75_8.png", 8], ["crop/75_7.png", "landing_page/75_7.png", 7], ["crop/75_12.png", "landing_page/75_12.png", 12], ["crop/75_13.png", "landing_page/75_13.png", 13], ["crop/75_4.png", "landing_page/75_4.png", 4], ["crop/75_11.png", "landing_page/75_11.png", 11], ["crop/75_14.png", "landing_page/75_14.png", 14], ["crop/75_18.png", "landing_page/75_18.png", 18], ["crop/75_2.png", "landing_page/75_2.png", 2], ["crop/75_3.png", "landing_page/75_3.png", 3], ["crop/75_6.png", "landing_page/75_6.png", 6], ["crop/75_17.png", "landing_page/75_17.png", 17], ["crop/75_15.png", "landing_page/75_15.png", 15], ["crop/75_9.png", "landing_page/75_9.png", 9], ["crop/75_0.png", "landing_page/75_0.png", 0], ["crop/75_1.png", "landing_page/75_1.png", 1], ["crop/75_16.png", "landing_page/75_16.png", 16]], "end_info": {"0": 5, "1": 0, "2": 0, "3": 0, "4": 0, "5": 0, "6": 0, "7": 0, "8": 0, "9": 0, "total": 5, "answer": "", "time_stamp": {"0": 5.498345136642456}}}, {"id": 78, "query": "\u70df\u96e8\u5165\u6c5f\u5357\u662f\u4ec0\u4e48\u6b4c", "good_ab_doc_list": [11, 3, 12, 0, 13, 10, 1, 7, 8, 5], "bad_ab_doc_list": [6, 4, 2, 9], "other_doc_list": [12, 0, 3, 17, 18, 7, 15, 13, 8, 5, 16, 14, 1, 10, 9], "doc_list": [["crop/78_6.png", "landing_page/78_6.png", 6], ["crop/78_4.png", "landing_page/78_4.png", 4], ["crop/78_2.png", "landing_page/78_2.png", 2], ["crop/78_12.png", "landing_page/78_12.png", 12], ["crop/78_13.png", "landing_page/78_13.png", 13], ["crop/78_0.png", "landing_page/78_0.png", 0], ["crop/78_3.png", "landing_page/78_3.png", 3], ["crop/78_18.png", "landing_page/78_18.png", 18], ["crop/78_19.png", "landing_page/78_19.png", 19], ["crop/78_8.png", "landing_page/78_8.png", 8], ["crop/78_16.png", "landing_page/78_16.png", 16], ["crop/78_14.png", "landing_page/78_14.png", 14], ["crop/78_9.png", "landing_page/78_9.png", 9], ["crop/78_5.png", "landing_page/78_5.png", 5], ["crop/78_17.png", "landing_page/78_17.png", 17], ["crop/78_15.png", "landing_page/78_15.png", 15], ["crop/78_1.png", "landing_page/78_1.png", 1], ["crop/78_11.png", "landing_page/78_11.png", 11], ["crop/78_10.png", "landing_page/78_10.png", 10]], "end_info": {"0": 5, "1": 5, "2": 0, "3": 0, "4": 0, "5": 0, "6": 0, "7": 0, "8": 0, "9": 0, "total": 5, "answer": "", "time_stamp": {"0": 8.786762952804565, "1": 5.588998794555664}}}, {"id": 80, "query": "\u8102\u7c89\u5341\u8f7d\uff0c\u62fe\u5237\u4e3a\u5986\u662f\u4ec0\u4e48\u610f\u601d", "good_ab_doc_list": [8, 9, 0, 10], "bad_ab_doc_list": [4, 12], "other_doc_list": [7, 3, 6, 4, 15, 9, 10, 12, 13, 2, 14, 17, 1, 0, 16, 5, 11], "doc_list": [["crop/80_8.png", "landing_page/80_8.png", 8], ["crop/80_7.png", "landing_page/80_7.png", 7], ["crop/80_3.png", "landing_page/80_3.png", 3], ["crop/80_6.png", "landing_page/80_6.png", 6], ["crop/80_4.png", "landing_page/80_4.png", 4], ["crop/80_15.png", "landing_page/80_15.png", 15], ["crop/80_9.png", "landing_page/80_9.png", 9], ["crop/80_10.png", "landing_page/80_10.png", 10], ["crop/80_12.png", "landing_page/80_12.png", 12], ["crop/80_13.png", "landing_page/80_13.png", 13], ["crop/80_2.png", "landing_page/80_2.png", 2], ["crop/80_14.png", "landing_page/80_14.png", 14], ["crop/80_17.png", "landing_page/80_17.png", 17], ["crop/80_1.png", "landing_page/80_1.png", 1], ["crop/80_0.png", "landing_page/80_0.png", 0], ["crop/80_16.png", "landing_page/80_16.png", 16], ["crop/80_5.png", "landing_page/80_5.png", 5], ["crop/80_11.png", "landing_page/80_11.png", 11]], "end_info": {"0": 1, "1": 1, "2": 1, "3": 1, "4": 0, "5": 0, "6": 0, "7": 0, "8": 0, "9": 0, "total": 1, "answer": "\u6ca1\u7b54\u6848", "time_stamp": {"0": 3.964686870574951, "1": 3.6680285930633545, "2": 3.4208667278289795, "3": 3.8824753761291504}}}, {"id": 81, "query": "\u54ea\u4e9b\u724c\u5b50\u7684u\u76d8\u6bd4\u8f83\u597d", "good_ab_doc_list": [13, 0, 4], "bad_ab_doc_list": [12, 2, 3, 6, 5], "other_doc_list": [1, 14, 15, 7, 16, 19, 4, 8, 10, 0, 9, 18, 17, 11], "doc_list": [["crop/81_12.png", "landing_page/81_12.png", 12], ["crop/81_2.png", "landing_page/81_2.png", 2], ["crop/81_3.png", "landing_page/81_3.png", 3], ["crop/81_6.png", "landing_page/81_6.png", 6], ["crop/81_5.png", "landing_page/81_5.png", 5], ["crop/81_13.png", "landing_page/81_13.png", 13], ["crop/81_1.png", "landing_page/81_1.png", 1], ["crop/81_14.png", "landing_page/81_14.png", 14], ["crop/81_15.png", "landing_page/81_15.png", 15], ["crop/81_7.png", "landing_page/81_7.png", 7], ["crop/81_16.png", "landing_page/81_16.png", 16], ["crop/81_19.png", "landing_page/81_19.png", 19], ["crop/81_4.png", "landing_page/81_4.png", 4], ["crop/81_8.png", "landing_page/81_8.png", 8], ["crop/81_10.png", "landing_page/81_10.png", 10], ["crop/81_0.png", "crop/81_0.png", 0], ["crop/81_9.png", "landing_page/81_9.png", 9], ["crop/81_18.png", "landing_page/81_18.png", 18], ["crop/81_17.png", "landing_page/81_17.png", 17], ["crop/81_11.png", "landing_page/81_11.png", 11]], "end_info": {"0": 3, "1": 5, "2": 3, "3": 3, "4": 5, "5": 0, "6": 0, "7": 0, "8": 0, "9": 0, "total": 4, "answer": "", "time_stamp": {"0": 3.7965340614318848, "1": 6.570409536361694, "2": 3.389150381088257, "3": 4.228266477584839, "4": 4.291846036911011}}}, {"id": 82, "query": "\u7ffc\u662f\u54ea\u4e2a\u7701\u7684\u7b80\u79f0", "good_ab_doc_list": [2, 8, 9, 1, 3, 13, 6, 11, 10, 7, 12, 0], "bad_ab_doc_list": [5, 14, 4], "other_doc_list": [16, 17, 15, 13, 4, 10, 8, 9, 3, 1, 18, 19, 0, 12, 11, 6, 7], "doc_list": [["crop/82_5.png", "landing_page/82_5.png", 5], ["crop/82_14.png", "landing_page/82_14.png", 14], ["crop/82_2.png", "landing_page/82_2.png", 2], ["crop/82_16.png", "landing_page/82_16.png", 16], ["crop/82_17.png", "landing_page/82_17.png", 17], ["crop/82_15.png", "landing_page/82_15.png", 15], ["crop/82_13.png", "landing_page/82_13.png", 13], ["crop/82_4.png", "landing_page/82_4.png", 4], ["crop/82_10.png", "landing_page/82_10.png", 10], ["crop/82_8.png", "landing_page/82_8.png", 8], ["crop/82_9.png", "landing_page/82_9.png", 9], ["crop/82_3.png", "landing_page/82_3.png", 3], ["crop/82_1.png", "landing_page/82_1.png", 1], ["crop/82_18.png", "landing_page/82_18.png", 18], ["crop/82_19.png", "landing_page/82_19.png", 19], ["crop/82_0.png", "landing_page/82_0.png", 0], ["crop/82_12.png", "landing_page/82_12.png", 12], ["crop/82_11.png", "landing_page/82_11.png", 11], ["crop/82_6.png", "landing_page/82_6.png", 6], ["crop/82_7.png", "landing_page/82_7.png", 7]], "end_info": {"0": 1, "1": 5, "2": 0, "3": 0, "4": 0, "5": 0, "6": 0, "7": 0, "8": 0, "9": 0, "total": 5, "answer": "", "time_stamp": {"0": 3.7835769653320312, "1": 4.432497262954712}}}, {"id": 84, "query": "\u5e02\u573a\u8425\u9500swot\u662f\u4ec0\u4e48\u610f\u601d", "good_ab_doc_list": [11, 6, 4, 1, 8, 2, 12], "bad_ab_doc_list": [9, 10, 7], "other_doc_list": [5, 6, 1, 14, 8, 4, 2, 13, 0, 3, 15, 12, 7, 16], "doc_list": [["crop/84_11.png", "landing_page/84_11.png", 11], ["crop/84_12.png", "landing_page/84_12.png", 12], ["crop/84_13.png", "landing_page/84_13.png", 13], ["crop/84_5.png", "landing_page/84_5.png", 5], ["crop/84_8.png", "landing_page/84_8.png", 8], ["crop/84_1.png", "landing_page/84_1.png", 1], ["crop/84_16.png", "landing_page/84_16.png", 16], ["crop/84_10.png", "landing_page/84_10.png", 10], ["crop/84_4.png", "landing_page/84_4.png", 4], ["crop/84_2.png", "landing_page/84_2.png", 2], ["crop/84_15.png", "landing_page/84_15.png", 15], ["crop/84_0.png", "landing_page/84_0.png", 0], ["crop/84_3.png", "landing_page/84_3.png", 3], ["crop/84_17.png", "landing_page/84_17.png", 17], ["crop/84_14.png", "landing_page/84_14.png", 14], ["crop/84_9.png", "landing_page/84_9.png", 9], ["crop/84_18.png", "landing_page/84_18.png", 18]], "end_info": {"0": 2, "1": 5, "2": 0, "3": 0, "4": 0, "5": 0, "6": 0, "7": 0, "8": 0, "9": 0, "total": 5, "answer": "", "time_stamp": {"0": 4.414449691772461, "1": 3.571565628051758}}}, {"id": 88, "query": "\u7f51\u7ea2\u4e66\u5e97\u82f1\u8bed", "good_ab_doc_list": [14, 11, 13, 0, 6, 1, 2], "bad_ab_doc_list": [3, 12, 8], "other_doc_list": [1, 15, 6, 7, 13, 8, 2, 17, 10, 18, 0, 5, 11, 9, 4, 16], "doc_list": [["crop/88_3.png", "landing_page/88_3.png", 3], ["crop/88_12.png", "landing_page/88_12.png", 12], ["crop/88_14.png", "landing_page/88_14.png", 14], ["crop/88_1.png", "landing_page/88_1.png", 1], ["crop/88_15.png", "landing_page/88_15.png", 15], ["crop/88_6.png", "landing_page/88_6.png", 6], ["crop/88_7.png", "landing_page/88_7.png", 7], ["crop/88_13.png", "landing_page/88_13.png", 13], ["crop/88_8.png", "landing_page/88_8.png", 8], ["crop/88_2.png", "landing_page/88_2.png", 2], ["crop/88_17.png", "landing_page/88_17.png", 17], ["crop/88_10.png", "landing_page/88_10.png", 10], ["crop/88_18.png", "landing_page/88_18.png", 18], ["crop/88_0.png", "crop/88_0.png", 0], ["crop/88_5.png", "landing_page/88_5.png", 5], ["crop/88_11.png", "landing_page/88_11.png", 11], ["crop/88_9.png", "landing_page/88_9.png", 9], ["crop/88_4.png", "landing_page/88_4.png", 4], ["crop/88_16.png", "landing_page/88_16.png", 16]], "end_info": {"0": 1, "1": 1, "2": 2, "3": 1, "4": 1, "5": 0, "6": 0, "7": 0, "8": 0, "9": 0, "total": 2, "answer": "", "time_stamp": {"0": 4.057345867156982, "1": 3.554591417312622, "2": 3.4060168266296387, "3": 3.473569631576538, "4": 3.6665456295013428}}}, {"id": 90, "query": "\u4e00\u4e2a\u8349\u5b57\u5934\u4e00\u4e2a\u9c7c\u4e00\u4e2a\u5229\u5200\u5ff5\u4ec0\u4e48", "good_ab_doc_list": [12, 1, 8, 9, 0, 13], "bad_ab_doc_list": [11, 5, 14, 7, 4, 6], "other_doc_list": [15, 2, 10, 16, 3, 19, 8, 9, 13, 17, 18, 0, 1, 6], "doc_list": [["crop/90_11.png", "landing_page/90_11.png", 11], ["crop/90_5.png", "landing_page/90_5.png", 5], ["crop/90_14.png", "landing_page/90_14.png", 14], ["crop/90_7.png", "landing_page/90_7.png", 7], ["crop/90_4.png", "landing_page/90_4.png", 4], ["crop/90_12.png", "landing_page/90_12.png", 12], ["crop/90_15.png", "landing_page/90_15.png", 15], ["crop/90_2.png", "landing_page/90_2.png", 2], ["crop/90_10.png", "landing_page/90_10.png", 10], ["crop/90_16.png", "landing_page/90_16.png", 16], ["crop/90_3.png", "landing_page/90_3.png", 3], ["crop/90_19.png", "landing_page/90_19.png", 19], ["crop/90_8.png", "landing_page/90_8.png", 8], ["crop/90_9.png", "landing_page/90_9.png", 9], ["crop/90_13.png", "landing_page/90_13.png", 13], ["crop/90_17.png", "landing_page/90_17.png", 17], ["crop/90_18.png", "landing_page/90_18.png", 18], ["crop/90_0.png", "landing_page/90_0.png", 0], ["crop/90_1.png", "landing_page/90_1.png", 1], ["crop/90_6.png", "landing_page/90_6.png", 6]], "end_info": {"0": 5, "1": 0, "2": 0, "3": 0, "4": 0, "5": 0, "6": 0, "7": 0, "8": 0, "9": 0, "total": 5, "answer": "", "time_stamp": {"0": 5.1207826137542725}}}, {"id": 91, "query": "lol\u4e91\u9876\u4e00\u8d39\u5361\u6709\u591a\u5c11\u5f20", "good_ab_doc_list": [9, 2, 8, 3, 6], "bad_ab_doc_list": [4, 13, 14, 0, 12, 10, 1, 11], "other_doc_list": [4, 15, 7, 8, 18, 17, 16, 2, 11, 1, 10, 0, 5, 6, 13, 3, 14, 12, 19], "doc_list": [["crop/91_9.png", "landing_page/91_9.png", 9], ["crop/91_4.png", "landing_page/91_4.png", 4], ["crop/91_15.png", "landing_page/91_15.png", 15], ["crop/91_7.png", "landing_page/91_7.png", 7], ["crop/91_8.png", "landing_page/91_8.png", 8], ["crop/91_18.png", "landing_page/91_18.png", 18], ["crop/91_17.png", "landing_page/91_17.png", 17], ["crop/91_16.png", "landing_page/91_16.png", 16], ["crop/91_2.png", "landing_page/91_2.png", 2], ["crop/91_11.png", "landing_page/91_11.png", 11], ["crop/91_1.png", "landing_page/91_1.png", 1], ["crop/91_10.png", "landing_page/91_10.png", 10], ["crop/91_0.png", "landing_page/91_0.png", 0], ["crop/91_5.png", "landing_page/91_5.png", 5], ["crop/91_6.png", "landing_page/91_6.png", 6], ["crop/91_13.png", "landing_page/91_13.png", 13], ["crop/91_3.png", "landing_page/91_3.png", 3], ["crop/91_14.png", "landing_page/91_14.png", 14], ["crop/91_12.png", "landing_page/91_12.png", 12], ["crop/91_19.png", "landing_page/91_19.png", 19]], "end_info": {"0": 5, "1": 0, "2": 0, "3": 0, "4": 0, "5": 0, "6": 0, "7": 0, "8": 0, "9": 0, "total": 5, "answer": "", "time_stamp": {"0": 5.882367849349976}}}, {"id": 93, "query": "\u70df\u9053\u710a\u63a5\u4e2d\u4e24\u6839\u70df\u9053\u8ddd\u79bb\u592a\u8fd1\u8be5\u600e\u4e48\u710a\u63a5", "good_ab_doc_list": [4, 6, 1, 0], "bad_ab_doc_list": [5, 3, 2], "other_doc_list": [6, 1, 0, 3, 5, 2], "doc_list": [["crop/93_4.png", "landing_page/93_4.png", 4], ["crop/93_6.png", "landing_page/93_6.png", 6], ["crop/93_1.png", "landing_page/93_1.png", 1], ["crop/93_0.png", "landing_page/93_0.png", 0], ["crop/93_3.png", "landing_page/93_3.png", 3], ["crop/93_5.png", "landing_page/93_5.png", 5], ["crop/93_2.png", "landing_page/93_2.png", 2]], "end_info": {"0": 1, "1": 1, "2": 1, "3": 1, "4": 1, "5": 1, "6": 0, "7": 0, "8": 0, "9": 0, "total": 1, "answer": "", "time_stamp": {"0": 10.993422746658325, "1": 4.150451183319092, "2": 3.417029619216919, "3": 3.6221024990081787, "4": 5.197903871536255, "5": 3.572119951248169}}}, {"id": 95, "query": "\u81ea\u5236\u51c9\u76ae\u600e\u4e48\u505a\u52b2\u9053", "good_ab_doc_list": [7, 9, 0, 8, 11], "bad_ab_doc_list": [6, 5, 3, 4], "other_doc_list": [3, 1, 16, 2, 0, 12, 9, 15, 13, 4, 8, 11, 10, 14], "doc_list": [["crop/95_6.png", "landing_page/95_6.png", 6], ["crop/95_5.png", "landing_page/95_5.png", 5], ["crop/95_7.png", "landing_page/95_7.png", 7], ["crop/95_3.png", "landing_page/95_3.png", 3], ["crop/95_1.png", "landing_page/95_1.png", 1], ["crop/95_19.png", "landing_page/95_19.png", 19], ["crop/95_2.png", "landing_page/95_2.png", 2], ["crop/95_0.png", "landing_page/95_0.png", 0], ["crop/95_15.png", "landing_page/95_15.png", 15], ["crop/95_10.png", "landing_page/95_10.png", 10], ["crop/95_18.png", "landing_page/95_18.png", 18], ["crop/95_16.png", "landing_page/95_16.png", 16], ["crop/95_4.png", "landing_page/95_4.png", 4], ["crop/95_8.png", "landing_page/95_8.png", 8], ["crop/95_14.png", "landing_page/95_14.png", 14], ["crop/95_13.png", "landing_page/95_13.png", 13], ["crop/95_17.png", "landing_page/95_17.png", 17]], "end_info": {"0": 4, "1": 2, "2": 1, "3": 0, "4": 0, "5": 0, "6": 0, "7": 0, "8": 0, "9": 0, "total": 4, "answer": "", "time_stamp": {"0": 4.330400228500366, "1": 4.731197118759155, "2": 3.803752899169922}}}, {"id": 96, "query": "\u4fe1\u7528\u5361\u53d6\u73b0\u624b\u7eed\u8d39\u591a\u5c11", "good_ab_doc_list": [9, 12, 6, 1], "bad_ab_doc_list": [4, 10, 0, 3, 5, 7], "other_doc_list": [18, 11, 15, 6, 13, 2, 16, 12, 14, 17, 0, 8, 7, 3, 5, 1], "doc_list": [["crop/96_4.png", "landing_page/96_4.png", 4], ["crop/96_11.png", "landing_page/96_11.png", 11], ["crop/96_10.png", "landing_page/96_10.png", 10], ["crop/96_19.png", "landing_page/96_19.png", 19], ["crop/96_12.png", "landing_page/96_12.png", 12], ["crop/96_16.png", "landing_page/96_16.png", 16], ["crop/96_7.png", "landing_page/96_7.png", 7], ["crop/96_14.png", "landing_page/96_14.png", 14], ["crop/96_2.png", "landing_page/96_2.png", 2], ["crop/96_17.png", "landing_page/96_17.png", 17], ["crop/96_13.png", "landing_page/96_13.png", 13], ["crop/96_15.png", "landing_page/96_15.png", 15], ["crop/96_18.png", "landing_page/96_18.png", 18], ["crop/96_0.png", "landing_page/96_0.png", 0], ["crop/96_9.png", "landing_page/96_9.png", 9], ["crop/96_8.png", "landing_page/96_8.png", 8], ["crop/96_3.png", "landing_page/96_3.png", 3], ["crop/96_5.png", "landing_page/96_5.png", 5], ["crop/96_1.png", "landing_page/96_1.png", 1]], "end_info": {"0": 5, "1": 0, "2": 0, "3": 0, "4": 0, "5": 0, "6": 0, "7": 0, "8": 0, "9": 0, "total": 5, "answer": "", "time_stamp": {"0": 3.7901151180267334}}}, {"id": 101, "query": "\u767d\u6d0b\u6dc0\u5728\u54ea\u91cc", "good_ab_doc_list": [0, 13, 9, 14, 1, 2], "bad_ab_doc_list": [8, 4, 10, 6, 7], "other_doc_list": [12, 5, 3, 11, 1, 15, 16, 17, 13, 2, 7, 9, 14], "doc_list": [["crop/101_8.png", "landing_page/101_8.png", 8], ["crop/101_4.png", "landing_page/101_4.png", 4], ["crop/101_10.png", "landing_page/101_10.png", 10], ["crop/101_6.png", "landing_page/101_6.png", 6], ["crop/101_0.png", "landing_page/101_0.png", 0], ["crop/101_12.png", "landing_page/101_12.png", 12], ["crop/101_5.png", "landing_page/101_5.png", 5], ["crop/101_3.png", "landing_page/101_3.png", 3], ["crop/101_11.png", "landing_page/101_11.png", 11], ["crop/101_1.png", "landing_page/101_1.png", 1], ["crop/101_15.png", "landing_page/101_15.png", 15], ["crop/101_17.png", "landing_page/101_17.png", 17], ["crop/101_18.png", "landing_page/101_18.png", 18], ["crop/101_13.png", "landing_page/101_13.png", 13], ["crop/101_2.png", "landing_page/101_2.png", 2], ["crop/101_7.png", "landing_page/101_7.png", 7], ["crop/101_9.png", "landing_page/101_9.png", 9], ["crop/101_14.png", "landing_page/101_14.png", 14]], "end_info": {"0": 5, "1": 0, "2": 0, "3": 0, "4": 0, "5": 0, "6": 0, "7": 0, "8": 0, "9": 0, "total": 5, "answer": "", "time_stamp": {"0": 4.598785638809204}}}, {"id": 103, "query": "\u8d22\u52a1\u7ba1\u7406\u7684\u4e24\u5927\u4ef7\u503c\u89c2\u5ff5\u662f\u4ec0\u4e48", "good_ab_doc_list": [0, 9, 1, 10, 7, 8, 12, 2], "bad_ab_doc_list": [13, 5], "other_doc_list": [2, 4, 12, 1, 8, 5, 14, 11, 9, 10, 3, 7, 6, 16, 15], "doc_list": [["crop/103_13.png", "landing_page/103_13.png", 13], ["crop/103_0.png", "landing_page/103_0.png", 0], ["crop/103_2.png", "landing_page/103_2.png", 2], ["crop/103_4.png", "landing_page/103_4.png", 4], ["crop/103_12.png", "landing_page/103_12.png", 12], ["crop/103_1.png", "landing_page/103_1.png", 1], ["crop/103_8.png", "landing_page/103_8.png", 8], ["crop/103_5.png", "landing_page/103_5.png", 5], ["crop/103_14.png", "landing_page/103_14.png", 14], ["crop/103_11.png", "landing_page/103_11.png", 11], ["crop/103_9.png", "landing_page/103_9.png", 9], ["crop/103_10.png", "landing_page/103_10.png", 10], ["crop/103_3.png", "landing_page/103_3.png", 3], ["crop/103_7.png", "landing_page/103_7.png", 7], ["crop/103_6.png", "landing_page/103_6.png", 6], ["crop/103_16.png", "landing_page/103_16.png", 16], ["crop/103_15.png", "landing_page/103_15.png", 15]], "end_info": {"0": 1, "1": 1, "2": 1, "3": 1, "4": 1, "5": 1, "6": 5, "7": 0, "8": 0, "9": 0, "total": 4, "answer": "", "time_stamp": {"0": 5.63992714881897, "1": 3.5418171882629395, "2": 3.505497455596924, "3": 3.5405068397521973, "4": 6.150787830352783, "5": 3.752743721008301, "6": 4.55634617805481}}}, {"id": 104, "query": "\u7f6e\u4e1a\u987e\u95ee\u662f\u505a\u4ec0\u4e48\u7684", "good_ab_doc_list": [0, 13, 7], "bad_ab_doc_list": [3, 12, 1, 10], "other_doc_list": [4, 11, 2, 17, 9, 7, 8, 5, 16, 15, 6, 13, 14], "doc_list": [["crop/104_3.png", "landing_page/104_3.png", 3], ["crop/104_12.png", "landing_page/104_12.png", 12], ["crop/104_1.png", "landing_page/104_1.png", 1], ["crop/104_10.png", "landing_page/104_10.png", 10], ["crop/104_0.png", "landing_page/104_0.png", 0], ["crop/104_4.png", "landing_page/104_4.png", 4], ["crop/104_11.png", "landing_page/104_11.png", 11], ["crop/104_2.png", "landing_page/104_2.png", 2], ["crop/104_17.png", "landing_page/104_17.png", 17], ["crop/104_9.png", "landing_page/104_9.png", 9], ["crop/104_7.png", "landing_page/104_7.png", 7], ["crop/104_8.png", "landing_page/104_8.png", 8], ["crop/104_5.png", "landing_page/104_5.png", 5], ["crop/104_16.png", "landing_page/104_16.png", 16], ["crop/104_15.png", "landing_page/104_15.png", 15], ["crop/104_6.png", "landing_page/104_6.png", 6], ["crop/104_13.png", "landing_page/104_13.png", 13], ["crop/104_14.png", "landing_page/104_14.png", 14]], "end_info": {"0": 5, "1": 0, "2": 0, "3": 0, "4": 0, "5": 0, "6": 0, "7": 0, "8": 0, "9": 0, "total": 5, "answer": "", "time_stamp": {"0": 3.741372585296631}}}, {"id": 106, "query": "\u7535\u5b50\u5143\u4ef6\u5546\u57ce\u6709\u54ea\u4e9b", "good_ab_doc_list": [0], "bad_ab_doc_list": [8, 5, 6, 13], "other_doc_list": [10, 3, 14, 9, 16, 6, 18, 15, 2, 12, 11, 7, 17, 13, 1, 4], "doc_list": [["crop/106_8.png", "landing_page/106_8.png", 8], ["crop/106_5.png", "landing_page/106_5.png", 5], ["crop/106_0.png", "landing_page/106_0.png", 0], ["crop/106_11.png", "landing_page/106_11.png", 11], ["crop/106_3.png", "landing_page/106_3.png", 3], ["crop/106_15.png", "landing_page/106_15.png", 15], ["crop/106_10.png", "landing_page/106_10.png", 10], ["crop/106_17.png", "landing_page/106_17.png", 17], ["crop/106_6.png", "landing_page/106_6.png", 6], ["crop/106_19.png", "landing_page/106_19.png", 19], ["crop/106_16.png", "landing_page/106_16.png", 16], ["crop/106_2.png", "landing_page/106_2.png", 2], ["crop/106_13.png", "landing_page/106_13.png", 13], ["crop/106_12.png", "landing_page/106_12.png", 12], ["crop/106_7.png", "landing_page/106_7.png", 7], ["crop/106_18.png", "landing_page/106_18.png", 18], ["crop/106_14.png", "landing_page/106_14.png", 14], ["crop/106_1.png", "landing_page/106_1.png", 1], ["crop/106_4.png", "landing_page/106_4.png", 4]], "end_info": {"0": 1, "1": 1, "2": 5, "3": 3, "4": 1, "5": 3, "6": 0, "7": 0, "8": 0, "9": 0, "total": 4, "answer": "", "time_stamp": {"0": 3.572927474975586, "1": 3.6175317764282227, "2": 3.7511472702026367, "3": 8.636504411697388, "4": 3.897339344024658, "5": 3.9938876628875732}}}, {"id": 107, "query": "\u6211\u6162\u6162\u7684\u542c\u96ea\u843d\u4e0b\u7684\u58f0\u97f3\u662f\u4ec0\u4e48\u6b4c", "good_ab_doc_list": [4, 11, 13, 7], "bad_ab_doc_list": [14, 12], "other_doc_list": [1, 19, 2, 3, 15, 9, 0, 13, 7, 11, 17, 18, 6, 5, 8, 10, 16], "doc_list": [["crop/107_14.png", "landing_page/107_14.png", 14], ["crop/107_12.png", "landing_page/107_12.png", 12], ["crop/107_4.png", "landing_page/107_4.png", 4], ["crop/107_1.png", "landing_page/107_1.png", 1], ["crop/107_19.png", "landing_page/107_19.png", 19], ["crop/107_2.png", "landing_page/107_2.png", 2], ["crop/107_3.png", "landing_page/107_3.png", 3], ["crop/107_15.png", "landing_page/107_15.png", 15], ["crop/107_9.png", "landing_page/107_9.png", 9], ["crop/107_0.png", "landing_page/107_0.png", 0], ["crop/107_13.png", "landing_page/107_13.png", 13], ["crop/107_7.png", "landing_page/107_7.png", 7], ["crop/107_11.png", "landing_page/107_11.png", 11], ["crop/107_17.png", "landing_page/107_17.png", 17], ["crop/107_18.png", "landing_page/107_18.png", 18], ["crop/107_6.png", "landing_page/107_6.png", 6], ["crop/107_5.png", "landing_page/107_5.png", 5], ["crop/107_8.png", "landing_page/107_8.png", 8], ["crop/107_10.png", "landing_page/107_10.png", 10], ["crop/107_16.png", "landing_page/107_16.png", 16]], "end_info": {"0": 2, "1": 4, "2": 0, "3": 0, "4": 0, "5": 0, "6": 0, "7": 0, "8": 0, "9": 0, "total": 4, "answer": "", "time_stamp": {"0": 3.8331637382507324, "1": 4.262809753417969}}}, {"id": 108, "query": "\u600e\u4e48\u770b\u7535\u8111\u662f64\u4f4d\u8fd8\u662f32\u4f4d", "good_ab_doc_list": [2, 1, 0], "bad_ab_doc_list": [5, 4, 8, 11, 9, 7, 12, 3, 10], "other_doc_list": [1, 12, 3, 6, 13, 10, 14, 7, 9, 16, 11, 0, 15], "doc_list": [["crop/108_5.png", "landing_page/108_5.png", 5], ["crop/108_4.png", "landing_page/108_4.png", 4], ["crop/108_9.png", "landing_page/108_9.png", 9], ["crop/108_2.png", "landing_page/108_2.png", 2], ["crop/108_1.png", "landing_page/108_1.png", 1], ["crop/108_13.png", "landing_page/108_13.png", 13], ["crop/108_3.png", "landing_page/108_3.png", 3], ["crop/108_6.png", "landing_page/108_6.png", 6], ["crop/108_15.png", "landing_page/108_15.png", 15], ["crop/108_11.png", "landing_page/108_11.png", 11], ["crop/108_16.png", "landing_page/108_16.png", 16], ["crop/108_8.png", "landing_page/108_8.png", 8], ["crop/108_10.png", "landing_page/108_10.png", 10], ["crop/108_18.png", "landing_page/108_18.png", 18], ["crop/108_12.png", "landing_page/108_12.png", 12], ["crop/108_0.png", "landing_page/108_0.png", 0], ["crop/108_17.png", "landing_page/108_17.png", 17]], "end_info": {"0": 2, "1": 5, "2": 0, "3": 0, "4": 0, "5": 0, "6": 0, "7": 0, "8": 0, "9": 0, "total": 5, "answer": "", "time_stamp": {"0": 4.093048334121704, "1": 6.560572385787964}}}, {"id": 110, "query": "\u5168\u9009\u662fctrl\u52a0\u4ec0\u4e48", "good_ab_doc_list": [9, 5, 12, 11, 1, 0], "bad_ab_doc_list": [6, 8, 2, 10], "other_doc_list": [12, 10, 14, 16, 13, 7, 18, 17, 3, 2, 19, 15, 8, 6, 11, 1, 4, 5, 0], "doc_list": [["crop/110_9.png", "landing_page/110_9.png", 9], ["crop/110_12.png", "landing_page/110_12.png", 12], ["crop/110_10.png", "landing_page/110_10.png", 10], ["crop/110_14.png", "landing_page/110_14.png", 14], ["crop/110_16.png", "landing_page/110_16.png", 16], ["crop/110_13.png", "landing_page/110_13.png", 13], ["crop/110_7.png", "landing_page/110_7.png", 7], ["crop/110_18.png", "landing_page/110_18.png", 18], ["crop/110_17.png", "landing_page/110_17.png", 17], ["crop/110_3.png", "landing_page/110_3.png", 3], ["crop/110_2.png", "landing_page/110_2.png", 2], ["crop/110_19.png", "landing_page/110_19.png", 19], ["crop/110_15.png", "landing_page/110_15.png", 15], ["crop/110_8.png", "landing_page/110_8.png", 8], ["crop/110_6.png", "landing_page/110_6.png", 6], ["crop/110_11.png", "landing_page/110_11.png", 11], ["crop/110_1.png", "landing_page/110_1.png", 1], ["crop/110_4.png", "landing_page/110_4.png", 4], ["crop/110_5.png", "landing_page/110_5.png", 5], ["crop/110_0.png", "landing_page/110_0.png", 0]], "end_info": {"0": 5, "1": 0, "2": 0, "3": 0, "4": 0, "5": 0, "6": 0, "7": 0, "8": 0, "9": 0, "total": 5, "answer": "", "time_stamp": {"0": 4.04758620262146}}}, {"id": 111, "query": "\u62fc\u591a\u591a\u6211\u7684\u8bc4\u4ef7\u5728\u54ea\u91cc\u67e5\u770b", "good_ab_doc_list": [4, 5, 0], "bad_ab_doc_list": [14, 13], "other_doc_list": [0, 11, 9, 10, 5, 7, 3, 19, 17, 14, 6, 2, 16, 1, 13, 15, 12, 18, 8], "doc_list": [["crop/111_4.png", "landing_page/111_4.png", 4], ["crop/111_0.png", "landing_page/111_0.png", 0], ["crop/111_11.png", "landing_page/111_11.png", 11], ["crop/111_9.png", "landing_page/111_9.png", 9], ["crop/111_10.png", "landing_page/111_10.png", 10], ["crop/111_5.png", "landing_page/111_5.png", 5], ["crop/111_7.png", "landing_page/111_7.png", 7], ["crop/111_3.png", "landing_page/111_3.png", 3], ["crop/111_19.png", "landing_page/111_19.png", 19], ["crop/111_17.png", "landing_page/111_17.png", 17], ["crop/111_14.png", "landing_page/111_14.png", 14], ["crop/111_6.png", "landing_page/111_6.png", 6], ["crop/111_2.png", "landing_page/111_2.png", 2], ["crop/111_16.png", "landing_page/111_16.png", 16], ["crop/111_1.png", "landing_page/111_1.png", 1], ["crop/111_13.png", "landing_page/111_13.png", 13], ["crop/111_15.png", "landing_page/111_15.png", 15], ["crop/111_12.png", "landing_page/111_12.png", 12], ["crop/111_18.png", "landing_page/111_18.png", 18], ["crop/111_8.png", "landing_page/111_8.png", 8]], "end_info": {"0": 5, "1": 0, "2": 0, "3": 0, "4": 0, "5": 0, "6": 0, "7": 0, "8": 0, "9": 0, "total": 5, "answer": "", "time_stamp": {"0": 6.77149224281311}}}, {"id": 112, "query": "\u5927\u5199\u82f1\u8bed\u600e\u4e48\u8bf4", "good_ab_doc_list": [12, 0], "bad_ab_doc_list": [10, 11, 7, 8], "other_doc_list": [13, 8, 18, 16, 1, 4, 5, 0, 17, 3, 6, 2, 9, 15, 14], "doc_list": [["crop/112_10.png", "landing_page/112_10.png", 10], ["crop/112_11.png", "landing_page/112_11.png", 11], ["crop/112_7.png", "landing_page/112_7.png", 7], ["crop/112_12.png", "landing_page/112_12.png", 12], ["crop/112_14.png", "landing_page/112_14.png", 14], ["crop/112_8.png", "landing_page/112_8.png", 8], ["crop/112_19.png", "landing_page/112_19.png", 19], ["crop/112_17.png", "landing_page/112_17.png", 17], ["crop/112_1.png", "landing_page/112_1.png", 1], ["crop/112_4.png", "landing_page/112_4.png", 4], ["crop/112_5.png", "landing_page/112_5.png", 5], ["crop/112_0.png", "crop/112_0.png", 0], ["crop/112_18.png", "landing_page/112_18.png", 18], ["crop/112_3.png", "landing_page/112_3.png", 3], ["crop/112_6.png", "landing_page/112_6.png", 6], ["crop/112_2.png", "landing_page/112_2.png", 2], ["crop/112_9.png", "landing_page/112_9.png", 9], ["crop/112_16.png", "landing_page/112_16.png", 16], ["crop/112_15.png", "landing_page/112_15.png", 15]], "end_info": {"0": 5, "1": 0, "2": 0, "3": 0, "4": 0, "5": 0, "6": 0, "7": 0, "8": 0, "9": 0, "total": 5, "answer": "", "time_stamp": {"0": 3.818681001663208}}}, {"id": 115, "query": "\u5982\u4f55\u51e0\u4f55\u753b\u677f\u6d4b\u52a8\u6001\u4e09\u89d2\u5f62\u9762\u79ef", "good_ab_doc_list": [0, 3, 1], "bad_ab_doc_list": [10, 9, 4], "other_doc_list": [1, 3, 2, 8, 14, 13, 15, 7, 11, 5, 6, 12], "doc_list": [["crop/115_13.png", "landing_page/115_13.png", 13], ["crop/115_12.png", "landing_page/115_12.png", 12], ["crop/115_4.png", "landing_page/115_4.png", 4], ["crop/115_0.png", "landing_page/115_0.png", 0], ["crop/115_1.png", "landing_page/115_1.png", 1], ["crop/115_3.png", "landing_page/115_3.png", 3], ["crop/115_2.png", "landing_page/115_2.png", 2], ["crop/115_9.png", "landing_page/115_9.png", 9], ["crop/115_18.png", "landing_page/115_18.png", 18], ["crop/115_17.png", "landing_page/115_17.png", 17], ["crop/115_19.png", "landing_page/115_19.png", 19], ["crop/115_8.png", "landing_page/115_8.png", 8], ["crop/115_15.png", "landing_page/115_15.png", 15], ["crop/115_6.png", "landing_page/115_6.png", 6], ["crop/115_7.png", "landing_page/115_7.png", 7], ["crop/115_16.png", "landing_page/115_16.png", 16]], "end_info": {"0": 3, "1": 2, "2": 2, "3": 5, "4": 0, "5": 0, "6": 0, "7": 0, "8": 0, "9": 0, "total": 4, "answer": "", "time_stamp": {"0": 3.4186997413635254, "1": 3.8665342330932617, "2": 4.526540517807007, "3": 4.002909898757935}}}, {"id": 117, "query": "\u5170\u82b1\u4ec0\u4e48\u5b63\u8282\u6362\u76c6\u597d", "good_ab_doc_list": [12, 10, 7, 9, 0], "bad_ab_doc_list": [4, 6], "other_doc_list": [10, 6, 1, 2, 4, 9, 17, 5, 14, 13, 15, 11, 7, 16, 8, 3, 0], "doc_list": [["crop/117_14.png", "landing_page/117_14.png", 14], ["crop/117_12.png", "landing_page/117_12.png", 12], ["crop/117_7.png", "landing_page/117_7.png", 7], ["crop/117_2.png", "landing_page/117_2.png", 2], ["crop/117_3.png", "landing_page/117_3.png", 3], ["crop/117_5.png", "landing_page/117_5.png", 5], ["crop/117_10.png", "landing_page/117_10.png", 10], ["crop/117_19.png", "landing_page/117_19.png", 19], ["crop/117_6.png", "landing_page/117_6.png", 6], ["crop/117_16.png", "landing_page/117_16.png", 16], ["crop/117_15.png", "landing_page/117_15.png", 15], ["crop/117_17.png", "landing_page/117_17.png", 17], ["crop/117_13.png", "landing_page/117_13.png", 13], ["crop/117_8.png", "landing_page/117_8.png", 8], ["crop/117_18.png", "landing_page/117_18.png", 18], ["crop/117_9.png", "landing_page/117_9.png", 9], ["crop/117_4.png", "landing_page/117_4.png", 4], ["crop/117_0.png", "landing_page/117_0.png", 0]], "end_info": {"0": 5, "1": 0, "2": 0, "3": 0, "4": 0, "5": 0, "6": 0, "7": 0, "8": 0, "9": 0, "total": 5, "answer": "", "time_stamp": {"0": 10.051842212677002}}}, {"id": 118, "query": "\u5316\u5b66PB\u662f\u4ec0\u4e48\u5143\u7d20", "good_ab_doc_list": [4, 9, 2, 1, 0, 11], "bad_ab_doc_list": [10, 13, 8, 6, 12], "other_doc_list": [10, 3, 0, 12, 8, 5, 14, 1, 7, 13, 9, 15, 2, 16, 18, 6, 17, 11], "doc_list": [["crop/118_4.png", "landing_page/118_4.png", 4], ["crop/118_11.png", "landing_page/118_11.png", 11], ["crop/118_3.png", "landing_page/118_3.png", 3], ["crop/118_0.png", "landing_page/118_0.png", 0], ["crop/118_13.png", "landing_page/118_13.png", 13], ["crop/118_9.png", "landing_page/118_9.png", 9], ["crop/118_6.png", "landing_page/118_6.png", 6], ["crop/118_15.png", "landing_page/118_15.png", 15], ["crop/118_1.png", "landing_page/118_1.png", 1], ["crop/118_8.png", "landing_page/118_8.png", 8], ["crop/118_14.png", "landing_page/118_14.png", 14], ["crop/118_10.png", "landing_page/118_10.png", 10], ["crop/118_16.png", "landing_page/118_16.png", 16], ["crop/118_2.png", "landing_page/118_2.png", 2], ["crop/118_17.png", "landing_page/118_17.png", 17], ["crop/118_19.png", "landing_page/118_19.png", 19], ["crop/118_7.png", "landing_page/118_7.png", 7], ["crop/118_18.png", "landing_page/118_18.png", 18], ["crop/118_12.png", "landing_page/118_12.png", 12]], "end_info": {"0": 5, "1": 5, "2": 0, "3": 0, "4": 0, "5": 0, "6": 0, "7": 0, "8": 0, "9": 0, "total": 5, "answer": "", "time_stamp": {"0": 5.900730133056641, "1": 3.5573959350585938}}}, {"id": 119, "query": "\u6307\u7532\u6cb9\u53ef\u4ee5\u5e26\u4e0a\u9ad8\u94c1\u5417", "good_ab_doc_list": [2, 6, 11], "bad_ab_doc_list": [10, 9, 5, 12], "other_doc_list": [8, 13, 16, 3, 17, 6, 1, 14, 11, 15, 7, 0, 18, 4, 12], "doc_list": [["crop/119_10.png", "landing_page/119_10.png", 10], ["crop/119_9.png", "landing_page/119_9.png", 9], ["crop/119_5.png", "landing_page/119_5.png", 5], ["crop/119_2.png", "landing_page/119_2.png", 2], ["crop/119_8.png", "landing_page/119_8.png", 8], ["crop/119_14.png", "landing_page/119_14.png", 14], ["crop/119_17.png", "landing_page/119_17.png", 17], ["crop/119_3.png", "landing_page/119_3.png", 3], ["crop/119_18.png", "landing_page/119_18.png", 18], ["crop/119_6.png", "landing_page/119_6.png", 6], ["crop/119_1.png", "landing_page/119_1.png", 1], ["crop/119_15.png", "landing_page/119_15.png", 15], ["crop/119_11.png", "landing_page/119_11.png", 11], ["crop/119_16.png", "landing_page/119_16.png", 16], ["crop/119_7.png", "landing_page/119_7.png", 7], ["crop/119_0.png", "landing_page/119_0.png", 0], ["crop/119_19.png", "landing_page/119_19.png", 19], ["crop/119_4.png", "landing_page/119_4.png", 4], ["crop/119_12.png", "landing_page/119_12.png", 12]], "end_info": {"0": 4, "1": 5, "2": 0, "3": 0, "4": 0, "5": 0, "6": 0, "7": 0, "8": 0, "9": 0, "total": 4, "answer": "", "time_stamp": {"0": 4.391995906829834, "1": 3.9938912391662598}}}, {"id": 120, "query": "\u91c7\u83ca\u4e1c\u7bf1\u4e0b\uff0c\u60a0\u7136\u89c1\u5357\u5c71\u8868\u73b0\u4e86\u4ec0\u4e48\u5883\u754c", "good_ab_doc_list": [1, 0, 4], "bad_ab_doc_list": [5, 10, 14, 2, 12, 6, 7, 9, 8, 11, 13, 3], "other_doc_list": [8, 15, 3, 18, 14, 12, 9, 17, 11, 13, 0, 2, 6, 19, 7, 4, 16], "doc_list": [["crop/120_5.png", "landing_page/120_5.png", 5], ["crop/120_10.png", "landing_page/120_10.png", 10], ["crop/120_1.png", "landing_page/120_1.png", 1], ["crop/120_8.png", "landing_page/120_8.png", 8], ["crop/120_15.png", "landing_page/120_15.png", 15], ["crop/120_3.png", "landing_page/120_3.png", 3], ["crop/120_18.png", "landing_page/120_18.png", 18], ["crop/120_14.png", "landing_page/120_14.png", 14], ["crop/120_12.png", "landing_page/120_12.png", 12], ["crop/120_9.png", "landing_page/120_9.png", 9], ["crop/120_17.png", "landing_page/120_17.png", 17], ["crop/120_11.png", "landing_page/120_11.png", 11], ["crop/120_13.png", "landing_page/120_13.png", 13], ["crop/120_0.png", "landing_page/120_0.png", 0], ["crop/120_2.png", "landing_page/120_2.png", 2], ["crop/120_6.png", "landing_page/120_6.png", 6], ["crop/120_19.png", "landing_page/120_19.png", 19], ["crop/120_7.png", "landing_page/120_7.png", 7], ["crop/120_4.png", "landing_page/120_4.png", 4], ["crop/120_16.png", "landing_page/120_16.png", 16]], "end_info": {"0": 5, "1": 0, "2": 0, "3": 0, "4": 0, "5": 0, "6": 0, "7": 0, "8": 0, "9": 0, "total": 5, "answer": "", "time_stamp": {"0": 4.897217750549316}}}, {"id": 121, "query": "\u5317\u6b27\u4e94\u56fd\u662f\u54ea\u4e94\u56fd", "good_ab_doc_list": [2, 12, 9, 11, 5, 6, 7, 8, 1, 3], "bad_ab_doc_list": [10, 4], "other_doc_list": [15, 12, 6, 11, 17, 13, 5, 7, 16, 4, 3, 9, 0, 8, 14, 1], "doc_list": [["crop/121_12.png", "landing_page/121_12.png", 12], ["crop/121_2.png", "landing_page/121_2.png", 2], ["crop/121_17.png", "landing_page/121_17.png", 17], ["crop/121_14.png", "landing_page/121_14.png", 14], ["crop/121_8.png", "landing_page/121_8.png", 8], ["crop/121_13.png", "landing_page/121_13.png", 13], ["crop/121_19.png", "landing_page/121_19.png", 19], ["crop/121_15.png", "landing_page/121_15.png", 15], ["crop/121_5.png", "landing_page/121_5.png", 5], ["crop/121_9.png", "landing_page/121_9.png", 9], ["crop/121_18.png", "landing_page/121_18.png", 18], ["crop/121_4.png", "landing_page/121_4.png", 4], ["crop/121_3.png", "landing_page/121_3.png", 3], ["crop/121_11.png", "landing_page/121_11.png", 11], ["crop/121_0.png", "landing_page/121_0.png", 0], ["crop/121_10.png", "landing_page/121_10.png", 10], ["crop/121_16.png", "landing_page/121_16.png", 16], ["crop/121_1.png", "landing_page/121_1.png", 1]], "end_info": {"0": 5, "1": 0, "2": 0, "3": 0, "4": 0, "5": 0, "6": 0, "7": 0, "8": 0, "9": 0, "total": 5, "answer": "", "time_stamp": {"0": 7.259653806686401}}}, {"id": 122, "query": "\u4f20\u7edf\u53d1\u7535\u5f62\u5f0f\u6709\u54ea\u4e9b", "good_ab_doc_list": [0, 7, 2, 4, 1], "bad_ab_doc_list": [13, 5, 8, 3, 10, 6, 11, 12, 9], "other_doc_list": [15, 8, 4, 5, 10, 16, 14, 2, 12, 7, 3, 1, 17, 11, 9, 6], "doc_list": [["crop/122_14.png", "landing_page/122_14.png", 14], ["crop/122_0.png", "landing_page/122_0.png", 0], ["crop/122_16.png", "landing_page/122_16.png", 16], ["crop/122_9.png", "landing_page/122_9.png", 9], ["crop/122_5.png", "landing_page/122_5.png", 5], ["crop/122_6.png", "landing_page/122_6.png", 6], ["crop/122_11.png", "landing_page/122_11.png", 11], ["crop/122_17.png", "landing_page/122_17.png", 17], ["crop/122_15.png", "landing_page/122_15.png", 15], ["crop/122_2.png", "landing_page/122_2.png", 2], ["crop/122_13.png", "landing_page/122_13.png", 13], ["crop/122_8.png", "landing_page/122_8.png", 8], ["crop/122_3.png", "landing_page/122_3.png", 3], ["crop/122_1.png", "landing_page/122_1.png", 1], ["crop/122_18.png", "landing_page/122_18.png", 18], ["crop/122_12.png", "landing_page/122_12.png", 12], ["crop/122_10.png", "landing_page/122_10.png", 10], ["crop/122_7.png", "landing_page/122_7.png", 7]], "end_info": {"0": 5, "1": 0, "2": 0, "3": 0, "4": 0, "5": 0, "6": 0, "7": 0, "8": 0, "9": 0, "total": 5, "answer": "", "time_stamp": {"0": 5.847681283950806}}}, {"id": 123, "query": "\u56fd\u9645\u5feb\u9012\u6709\u54ea\u4e9b\u516c\u53f8\u6709", "good_ab_doc_list": [14, 3, 9, 4, 13, 10, 6, 0, 7, 1, 5, 8], "bad_ab_doc_list": [11, 12], "other_doc_list": [3, 2, 8, 16, 1, 4, 12, 17, 15, 10, 6, 5, 0, 9, 7, 13], "doc_list": [["crop/123_11.png", "landing_page/123_11.png", 11], ["crop/123_14.png", "landing_page/123_14.png", 14], ["crop/123_3.png", "landing_page/123_3.png", 3], ["crop/123_2.png", "landing_page/123_2.png", 2], ["crop/123_8.png", "landing_page/123_8.png", 8], ["crop/123_16.png", "landing_page/123_16.png", 16], ["crop/123_1.png", "landing_page/123_1.png", 1], ["crop/123_4.png", "landing_page/123_4.png", 4], ["crop/123_12.png", "landing_page/123_12.png", 12], ["crop/123_17.png", "landing_page/123_17.png", 17], ["crop/123_15.png", "landing_page/123_15.png", 15], ["crop/123_10.png", "landing_page/123_10.png", 10], ["crop/123_6.png", "landing_page/123_6.png", 6], ["crop/123_5.png", "landing_page/123_5.png", 5], ["crop/123_0.png", "landing_page/123_0.png", 0], ["crop/123_9.png", "landing_page/123_9.png", 9], ["crop/123_7.png", "landing_page/123_7.png", 7], ["crop/123_13.png", "landing_page/123_13.png", 13]], "end_info": {"0": 5, "1": 0, "2": 0, "3": 0, "4": 0, "5": 0, "6": 0, "7": 0, "8": 0, "9": 0, "total": 5, "answer": "", "time_stamp": {"0": 3.807729482650757}}}, {"id": 124, "query": "95380\u662f\u4ec0\u4e48\u5feb\u9012", "good_ab_doc_list": [8, 9, 2, 0, 7], "bad_ab_doc_list": [6, 13, 3], "other_doc_list": [10, 1, 12, 14, 0, 5, 6, 4, 7, 15, 2, 11, 9, 3, 13], "doc_list": [["crop/124_9.png", "landing_page/124_9.png", 9], ["crop/124_11.png", "landing_page/124_11.png", 11], ["crop/124_1.png", "landing_page/124_1.png", 1], ["crop/124_13.png", "landing_page/124_13.png", 13], ["crop/124_15.png", "landing_page/124_15.png", 15], ["crop/124_0.png", "landing_page/124_0.png", 0], ["crop/124_5.png", "landing_page/124_5.png", 5], ["crop/124_6.png", "landing_page/124_6.png", 6], ["crop/124_4.png", "landing_page/124_4.png", 4], ["crop/124_8.png", "landing_page/124_8.png", 8], ["crop/124_16.png", "landing_page/124_16.png", 16], ["crop/124_2.png", "landing_page/124_2.png", 2], ["crop/124_12.png", "landing_page/124_12.png", 12], ["crop/124_10.png", "landing_page/124_10.png", 10], ["crop/124_3.png", "landing_page/124_3.png", 3], ["crop/124_14.png", "landing_page/124_14.png", 14]], "end_info": {"0": 1, "1": 1, "2": 1, "3": 1, "4": 1, "5": 1, "6": 0, "7": 0, "8": 0, "9": 0, "total": 1, "answer": "\u6ca1\u7b54\u6848", "time_stamp": {"0": 3.4191501140594482, "1": 3.6465108394622803, "2": 3.4921951293945312, "3": 3.6359293460845947, "4": 3.69675612449646, "5": 4.524235963821411}}}, {"id": 127, "query": "\u7535\u8111\u58c1\u7eb8\u600e\u4e48\u6362", "good_ab_doc_list": [1, 0, 5, 11, 10, 9, 8], "bad_ab_doc_list": [7, 12, 2, 6], "other_doc_list": [0, 3, 13, 10, 16, 11, 5, 14, 15, 9, 4, 8, 17], "doc_list": [["crop/127_9.png", "landing_page/127_9.png", 9], ["crop/127_14.png", "landing_page/127_14.png", 14], ["crop/127_2.png", "landing_page/127_2.png", 2], ["crop/127_7.png", "landing_page/127_7.png", 7], ["crop/127_1.png", "landing_page/127_1.png", 1], ["crop/127_0.png", "landing_page/127_0.png", 0], ["crop/127_4.png", "landing_page/127_4.png", 4], ["crop/127_15.png", "landing_page/127_15.png", 15], ["crop/127_12.png", "landing_page/127_12.png", 12], ["crop/127_18.png", "landing_page/127_18.png", 18], ["crop/127_13.png", "landing_page/127_13.png", 13], ["crop/127_6.png", "landing_page/127_6.png", 6], ["crop/127_16.png", "landing_page/127_16.png", 16], ["crop/127_17.png", "landing_page/127_17.png", 17], ["crop/127_11.png", "landing_page/127_11.png", 11], ["crop/127_5.png", "landing_page/127_5.png", 5], ["crop/127_10.png", "landing_page/127_10.png", 10], ["crop/127_19.png", "landing_page/127_19.png", 19]], "end_info": {"0": 3, "1": 5, "2": 0, "3": 0, "4": 0, "5": 0, "6": 0, "7": 0, "8": 0, "9": 0, "total": 4, "answer": "", "time_stamp": {"0": 3.75588321685791, "1": 3.8767967224121094}}}, {"id": 129, "query": "\u4e00\u4f53\u5316\u5b9a\u4ef7\u662f\u4ec0\u4e48", "good_ab_doc_list": [0], "bad_ab_doc_list": [5, 9, 4], "other_doc_list": [8, 1, 12, 14, 10, 3, 6, 7, 11, 13, 2, 15], "doc_list": [["crop/129_7.png", "landing_page/129_7.png", 7], ["crop/129_11.png", "landing_page/129_11.png", 11], ["crop/129_4.png", "landing_page/129_4.png", 4], ["crop/129_0.png", "landing_page/129_0.png", 0], ["crop/129_10.png", "landing_page/129_10.png", 10], ["crop/129_1.png", "landing_page/129_1.png", 1], ["crop/129_14.png", "landing_page/129_14.png", 14], ["crop/129_16.png", "landing_page/129_16.png", 16], ["crop/129_12.png", "landing_page/129_12.png", 12], ["crop/129_3.png", "landing_page/129_3.png", 3], ["crop/129_8.png", "landing_page/129_8.png", 8], ["crop/129_9.png", "landing_page/129_9.png", 9], ["crop/129_13.png", "landing_page/129_13.png", 13], ["crop/129_15.png", "landing_page/129_15.png", 15], ["crop/129_2.png", "landing_page/129_2.png", 2], ["crop/129_17.png", "landing_page/129_17.png", 17]], "end_info": {"0": 1, "1": 1, "2": 1, "3": 1, "4": 1, "5": 1, "6": 1, "7": 1, "8": 0, "9": 0, "total": 1, "answer": "", "time_stamp": {"0": 3.826793909072876, "1": 3.5816946029663086, "2": 4.691465854644775, "3": 3.8654122352600098, "4": 4.031543731689453, "5": 4.087411165237427, "6": 4.155957221984863, "7": 4.213883399963379}}}, {"id": 21, "query": "\u57c3\u53ca\u4f4d\u4e8e\u54ea\u91cc", "good_ab_doc_list": [2, 1, 8, 13], "bad_ab_doc_list": [4, 5, 7, 3, 6], "other_doc_list": [12, 8, 0, 10, 13, 9, 11, 1, 6], "doc_list": [["crop/21_4.png", "landing_page/21_4.png", 4], ["crop/21_6.png", "landing_page/21_6.png", 6], ["crop/21_8.png", "landing_page/21_8.png", 8], ["crop/21_3.png", "landing_page/21_3.png", 3], ["crop/21_2.png", "landing_page/21_2.png", 2], ["crop/21_13.png", "landing_page/21_13.png", 13], ["crop/21_9.png", "landing_page/21_9.png", 9], ["crop/21_0.png", "landing_page/21_0.png", 0], ["crop/21_11.png", "landing_page/21_11.png", 11], ["crop/21_14.png", "landing_page/21_14.png", 14], ["crop/21_10.png", "landing_page/21_10.png", 10], ["crop/21_12.png", "landing_page/21_12.png", 12], ["crop/21_1.png", "landing_page/21_1.png", 1], ["crop/21_7.png", "landing_page/21_7.png", 7]], "end_info": {"0": 5, "1": 0, "2": 0, "3": 0, "4": 0, "5": 0, "6": 0, "7": 0, "8": 0, "9": 0, "total": 5, "answer": "", "time_stamp": {"0": 4.7123072147369385}}}, {"id": 22, "query": "\u767e\u6155\u5927\u4e09\u89d2\u4f4d\u4e8e\u54ea\u91cc", "good_ab_doc_list": [1, 0, 2], "bad_ab_doc_list": [10, 7, 6, 5, 8, 3], "other_doc_list": [6, 9, 3, 5, 13, 8, 4, 12, 2, 11, 0], "doc_list": [["crop/22_13.png", "landing_page/22_13.png", 13], ["crop/22_9.png", "landing_page/22_9.png", 9], ["crop/22_1.png", "landing_page/22_1.png", 1], ["crop/22_8.png", "landing_page/22_8.png", 8], ["crop/22_11.png", "landing_page/22_11.png", 11], ["crop/22_4.png", "landing_page/22_4.png", 4], ["crop/22_7.png", "landing_page/22_7.png", 7], ["crop/22_17.png", "landing_page/22_17.png", 17], ["crop/22_10.png", "landing_page/22_10.png", 10], ["crop/22_6.png", "landing_page/22_6.png", 6], ["crop/22_16.png", "landing_page/22_16.png", 16], ["crop/22_2.png", "landing_page/22_2.png", 2], ["crop/22_15.png", "landing_page/22_15.png", 15], ["crop/22_0.png", "landing_page/22_0.png", 0]], "end_info": {"0": 2, "1": 5, "2": 0, "3": 0, "4": 0, "5": 0, "6": 0, "7": 0, "8": 0, "9": 0, "total": 5, "answer": "", "time_stamp": {"0": 4.919006824493408, "1": 3.680910110473633}}}, {"id": 23, "query": "include\u662f\u4ec0\u4e48\u610f\u601d", "good_ab_doc_list": [8, 4, 6, 1, 2, 12, 0, 7], "bad_ab_doc_list": [5, 13], "other_doc_list": [11, 6, 3, 13, 10, 15, 16, 1, 5, 4, 7, 9, 14, 2, 12, 17, 0], "doc_list": [["crop/23_9.png", "landing_page/23_9.png", 9], ["crop/23_12.png", "landing_page/23_12.png", 12], ["crop/23_7.png", "landing_page/23_7.png", 7], ["crop/23_4.png", "landing_page/23_4.png", 4], ["crop/23_14.png", "landing_page/23_14.png", 14], ["crop/23_11.png", "landing_page/23_11.png", 11], ["crop/23_16.png", "landing_page/23_16.png", 16], ["crop/23_17.png", "landing_page/23_17.png", 17], ["crop/23_1.png", "landing_page/23_1.png", 1], ["crop/23_6.png", "landing_page/23_6.png", 6], ["crop/23_5.png", "landing_page/23_5.png", 5], ["crop/23_8.png", "landing_page/23_8.png", 8], ["crop/23_10.png", "landing_page/23_10.png", 10], ["crop/23_15.png", "landing_page/23_15.png", 15], ["crop/23_2.png", "landing_page/23_2.png", 2], ["crop/23_13.png", "landing_page/23_13.png", 13], ["crop/23_18.png", "landing_page/23_18.png", 18], ["crop/23_0.png", "crop/23_0.png", 0]], "end_info": {"0": 3, "1": 5, "2": 0, "3": 0, "4": 0, "5": 0, "6": 0, "7": 0, "8": 0, "9": 0, "total": 5, "answer": "", "time_stamp": {"0": 4.3638834953308105, "1": 3.592369556427002}}}, {"id": 25, "query": "\u732b\u80fd\u5403\u69b4\u83b2\u5417", "good_ab_doc_list": [1, 0], "bad_ab_doc_list": [5, 13, 12, 14, 9, 11, 10, 4, 2], "other_doc_list": [3, 11, 6, 18, 10, 8, 7, 17, 12, 0, 4, 14, 15, 16, 2, 9], "doc_list": [["crop/25_5.png", "landing_page/25_5.png", 5], ["crop/25_13.png", "landing_page/25_13.png", 13], ["crop/25_1.png", "landing_page/25_1.png", 1], ["crop/25_3.png", "landing_page/25_3.png", 3], ["crop/25_11.png", "landing_page/25_11.png", 11], ["crop/25_6.png", "landing_page/25_6.png", 6], ["crop/25_19.png", "landing_page/25_19.png", 19], ["crop/25_10.png", "landing_page/25_10.png", 10], ["crop/25_8.png", "landing_page/25_8.png", 8], ["crop/25_7.png", "landing_page/25_7.png", 7], ["crop/25_18.png", "landing_page/25_18.png", 18], ["crop/25_12.png", "landing_page/25_12.png", 12], ["crop/25_0.png", "landing_page/25_0.png", 0], ["crop/25_4.png", "landing_page/25_4.png", 4], ["crop/25_14.png", "landing_page/25_14.png", 14], ["crop/25_15.png", "landing_page/25_15.png", 15], ["crop/25_17.png", "landing_page/25_17.png", 17], ["crop/25_2.png", "landing_page/25_2.png", 2], ["crop/25_9.png", "landing_page/25_9.png", 9]], "end_info": {"0": 5, "1": 0, "2": 0, "3": 0, "4": 0, "5": 0, "6": 0, "7": 0, "8": 0, "9": 0, "total": 5, "answer": "", "time_stamp": {"0": 6.661575078964233}}}, {"id": 27, "query": "1\u4e07\u6cf0\u94e2\u662f\u591a\u5c11\u7f8e\u91d1", "good_ab_doc_list": [0], "bad_ab_doc_list": [1], "other_doc_list": [12, 14, 10, 7, 5, 15, 3, 6, 16, 13, 2, 9, 4, 11, 8], "doc_list": [["crop/27_1.png", "landing_page/27_1.png", 1], ["crop/27_0.png", "crop/27_0.png", 0], ["crop/27_13.png", "landing_page/27_13.png", 13], ["crop/27_15.png", "landing_page/27_15.png", 15], ["crop/27_11.png", "landing_page/27_11.png", 11], ["crop/27_8.png", "landing_page/27_8.png", 8], ["crop/27_6.png", "landing_page/27_6.png", 6], ["crop/27_16.png", "landing_page/27_16.png", 16], ["crop/27_3.png", "landing_page/27_3.png", 3], ["crop/27_7.png", "landing_page/27_7.png", 7], ["crop/27_17.png", "landing_page/27_17.png", 17], ["crop/27_14.png", "landing_page/27_14.png", 14], ["crop/27_2.png", "landing_page/27_2.png", 2], ["crop/27_10.png", "landing_page/27_10.png", 10], ["crop/27_4.png", "landing_page/27_4.png", 4], ["crop/27_12.png", "landing_page/27_12.png", 12], ["crop/27_9.png", "landing_page/27_9.png", 9]], "end_info": {"0": 1, "1": 5, "2": 0, "3": 0, "4": 0, "5": 0, "6": 0, "7": 0, "8": 0, "9": 0, "total": 5, "answer": "", "time_stamp": {"0": 3.440962076187134, "1": 3.9433603286743164}}}, {"id": 29, "query": "\u96f7\u6b27\u5965\u7279\u66fc\u8d5b\u6587\u65ad\u817f\u54ea\u4e00\u96c6", "good_ab_doc_list": [8, 0, 13, 2, 7, 11, 10, 9, 1], "bad_ab_doc_list": [12, 6], "other_doc_list": [4, 9, 5, 0, 13, 16, 15, 10, 18, 2, 3, 14, 17, 7, 1, 11], "doc_list": [["crop/29_13.png", "landing_page/29_13.png", 13], ["crop/29_7.png", "landing_page/29_7.png", 7], ["crop/29_9.png", "landing_page/29_9.png", 9], ["crop/29_5.png", "landing_page/29_5.png", 5], ["crop/29_10.png", "landing_page/29_10.png", 10], ["crop/29_6.png", "landing_page/29_6.png", 6], ["crop/29_0.png", "landing_page/29_0.png", 0], ["crop/29_14.png", "landing_page/29_14.png", 14], ["crop/29_17.png", "landing_page/29_17.png", 17], ["crop/29_16.png", "landing_page/29_16.png", 16], ["crop/29_11.png", "landing_page/29_11.png", 11], ["crop/29_19.png", "landing_page/29_19.png", 19], ["crop/29_3.png", "landing_page/29_3.png", 3], ["crop/29_4.png", "landing_page/29_4.png", 4], ["crop/29_15.png", "landing_page/29_15.png", 15], ["crop/29_18.png", "landing_page/29_18.png", 18], ["crop/29_8.png", "landing_page/29_8.png", 8], ["crop/29_2.png", "landing_page/29_2.png", 2], ["crop/29_12.png", "landing_page/29_12.png", 12]], "end_info": {"0": 1, "1": 1, "2": 1, "3": 1, "4": 1, "5": 0, "6": 0, "7": 0, "8": 0, "9": 0, "total": 1, "answer": "", "time_stamp": {"0": 3.8633816242218018, "1": 8.651806354522705, "2": 6.929399490356445, "3": 3.8067939281463623, "4": 4.1539201736450195}}}, {"id": 30, "query": "\u6cf5\u9001\u548c\u975e\u6cf5\u9001\u6307\u7684\u662f\u4ec0\u4e48", "good_ab_doc_list": [0, 2, 1, 4], "bad_ab_doc_list": [6, 7], "other_doc_list": [18, 1, 12, 14, 8, 3, 5, 4, 2, 16, 11, 13, 9, 15, 17, 7, 10, 19], "doc_list": [["crop/30_6.png", "landing_page/30_6.png", 6], ["crop/30_0.png", "landing_page/30_0.png", 0], ["crop/30_18.png", "landing_page/30_18.png", 18], ["crop/30_1.png", "landing_page/30_1.png", 1], ["crop/30_12.png", "landing_page/30_12.png", 12], ["crop/30_14.png", "landing_page/30_14.png", 14], ["crop/30_8.png", "landing_page/30_8.png", 8], ["crop/30_3.png", "landing_page/30_3.png", 3], ["crop/30_5.png", "landing_page/30_5.png", 5], ["crop/30_4.png", "landing_page/30_4.png", 4], ["crop/30_2.png", "landing_page/30_2.png", 2], ["crop/30_16.png", "landing_page/30_16.png", 16], ["crop/30_11.png", "landing_page/30_11.png", 11], ["crop/30_13.png", "landing_page/30_13.png", 13], ["crop/30_9.png", "landing_page/30_9.png", 9], ["crop/30_15.png", "landing_page/30_15.png", 15], ["crop/30_17.png", "landing_page/30_17.png", 17], ["crop/30_7.png", "landing_page/30_7.png", 7], ["crop/30_10.png", "landing_page/30_10.png", 10], ["crop/30_19.png", "landing_page/30_19.png", 19]], "end_info": {"0": 5, "1": 0, "2": 0, "3": 0, "4": 0, "5": 0, "6": 0, "7": 0, "8": 0, "9": 0, "total": 5, "answer": "", "time_stamp": {"0": 6.362631320953369}}}, {"id": 31, "query": "\u70e7\u7ed3\u666e\u901a\u7816\u7684\u6807\u51c6\u5c3a\u5bf8\u662f\u591a\u5c11", "good_ab_doc_list": [0], "bad_ab_doc_list": [4, 3, 5], "other_doc_list": [14, 17, 18, 16, 8, 1, 2, 12, 6, 13, 11, 9, 15, 10, 7], "doc_list": [["crop/31_4.png", "landing_page/31_4.png", 4], ["crop/31_3.png", "landing_page/31_3.png", 3], ["crop/31_5.png", "landing_page/31_5.png", 5], ["crop/31_0.png", "landing_page/31_0.png", 0], ["crop/31_14.png", "landing_page/31_14.png", 14], ["crop/31_18.png", "landing_page/31_18.png", 18], ["crop/31_19.png", "landing_page/31_19.png", 19], ["crop/31_16.png", "landing_page/31_16.png", 16], ["crop/31_8.png", "landing_page/31_8.png", 8], ["crop/31_1.png", "landing_page/31_1.png", 1], ["crop/31_2.png", "landing_page/31_2.png", 2], ["crop/31_12.png", "landing_page/31_12.png", 12], ["crop/31_6.png", "landing_page/31_6.png", 6], ["crop/31_13.png", "landing_page/31_13.png", 13], ["crop/31_11.png", "landing_page/31_11.png", 11], ["crop/31_9.png", "landing_page/31_9.png", 9], ["crop/31_15.png", "landing_page/31_15.png", 15], ["crop/31_10.png", "landing_page/31_10.png", 10], ["crop/31_7.png", "landing_page/31_7.png", 7]], "end_info": {"0": 5, "1": 0, "2": 0, "3": 0, "4": 0, "5": 0, "6": 0, "7": 0, "8": 0, "9": 0, "total": 5, "answer": "", "time_stamp": {"0": 7.194720506668091}}}, {"id": 32, "query": "\u7816\u80ce\u819c\u7528\u4ec0\u4e48\u7816\u780c\u7b51", "good_ab_doc_list": [0], "bad_ab_doc_list": [2, 4], "other_doc_list": [9, 8, 16, 10, 3, 11, 1, 2, 13, 7, 12, 15, 14, 5, 4, 6], "doc_list": [["crop/32_0.png", "landing_page/32_0.png", 0], ["crop/32_9.png", "landing_page/32_9.png", 9], ["crop/32_8.png", "landing_page/32_8.png", 8], ["crop/32_16.png", "landing_page/32_16.png", 16], ["crop/32_10.png", "landing_page/32_10.png", 10], ["crop/32_3.png", "landing_page/32_3.png", 3], ["crop/32_11.png", "landing_page/32_11.png", 11], ["crop/32_1.png", "landing_page/32_1.png", 1], ["crop/32_2.png", "landing_page/32_2.png", 2], ["crop/32_13.png", "landing_page/32_13.png", 13], ["crop/32_7.png", "landing_page/32_7.png", 7], ["crop/32_12.png", "landing_page/32_12.png", 12], ["crop/32_15.png", "landing_page/32_15.png", 15], ["crop/32_14.png", "landing_page/32_14.png", 14], ["crop/32_5.png", "landing_page/32_5.png", 5], ["crop/32_4.png", "landing_page/32_4.png", 4], ["crop/32_6.png", "landing_page/32_6.png", 6]], "end_info": {"0": 5, "1": 0, "2": 0, "3": 0, "4": 0, "5": 0, "6": 0, "7": 0, "8": 0, "9": 0, "total": 5, "answer": "", "time_stamp": {"0": 4.2844202518463135}}}, {"id": 33, "query": "\u4eae\u5ea6\u6700\u9ad8\u7684\u706b\u7130\u533a\u57df\u662f\u4ec0\u4e48\u533a\uff1f", "good_ab_doc_list": [3, 14, 10, 11, 2, 9, 0, 8, 6, 7, 1], "bad_ab_doc_list": [12, 13], "other_doc_list": [2, 8, 16, 4, 18, 17, 5, 15, 13, 0, 14, 10, 9, 11, 6, 7, 1], "doc_list": [["crop/33_12.png", "landing_page/33_12.png", 12], ["crop/33_3.png", "landing_page/33_3.png", 3], ["crop/33_2.png", "landing_page/33_2.png", 2], ["crop/33_8.png", "landing_page/33_8.png", 8], ["crop/33_16.png", "landing_page/33_16.png", 16], ["crop/33_4.png", "landing_page/33_4.png", 4], ["crop/33_18.png", "landing_page/33_18.png", 18], ["crop/33_17.png", "landing_page/33_17.png", 17], ["crop/33_5.png", "landing_page/33_5.png", 5], ["crop/33_15.png", "landing_page/33_15.png", 15], ["crop/33_13.png", "landing_page/33_13.png", 13], ["crop/33_0.png", "landing_page/33_0.png", 0], ["crop/33_14.png", "landing_page/33_14.png", 14], ["crop/33_10.png", "landing_page/33_10.png", 10], ["crop/33_9.png", "landing_page/33_9.png", 9], ["crop/33_11.png", "landing_page/33_11.png", 11], ["crop/33_6.png", "landing_page/33_6.png", 6], ["crop/33_7.png", "landing_page/33_7.png", 7], ["crop/33_1.png", "landing_page/33_1.png", 1]], "end_info": {"0": 1, "1": 1, "2": 1, "3": 5, "4": 0, "5": 0, "6": 0, "7": 0, "8": 0, "9": 0, "total": 4, "answer": "", "time_stamp": {"0": 3.826659917831421, "1": 3.405017375946045, "2": 3.476959705352783, "3": 8.884450674057007}}}, {"id": 36, "query": "\u6807\u51c6\u8282\u6d41\u88c5\u7f6e\u5305\u62ec\u54ea\u51e0\u90e8\u5206\uff1f", "good_ab_doc_list": [3, 10, 6, 2, 1], "bad_ab_doc_list": [12, 11, 0], "other_doc_list": [18, 1, 7, 13, 6, 14, 16, 10, 5, 0, 2, 4, 15, 17, 9, 8], "doc_list": [["crop/36_12.png", "landing_page/36_12.png", 12], ["crop/36_11.png", "landing_page/36_11.png", 11], ["crop/36_3.png", "landing_page/36_3.png", 3], ["crop/36_18.png", "landing_page/36_18.png", 18], ["crop/36_1.png", "landing_page/36_1.png", 1], ["crop/36_7.png", "landing_page/36_7.png", 7], ["crop/36_13.png", "landing_page/36_13.png", 13], ["crop/36_6.png", "landing_page/36_6.png", 6], ["crop/36_14.png", "landing_page/36_14.png", 14], ["crop/36_16.png", "landing_page/36_16.png", 16], ["crop/36_10.png", "landing_page/36_10.png", 10], ["crop/36_5.png", "landing_page/36_5.png", 5], ["crop/36_0.png", "crop/36_0.png", 0], ["crop/36_2.png", "landing_page/36_2.png", 2], ["crop/36_4.png", "landing_page/36_4.png", 4], ["crop/36_15.png", "landing_page/36_15.png", 15], ["crop/36_17.png", "landing_page/36_17.png", 17], ["crop/36_9.png", "landing_page/36_9.png", 9], ["crop/36_8.png", "landing_page/36_8.png", 8]], "end_info": {"0": 5, "1": 0, "2": 0, "3": 0, "4": 0, "5": 0, "6": 0, "7": 0, "8": 0, "9": 0, "total": 5, "answer": "", "time_stamp": {"0": 7.25722336769104}}}, {"id": 39, "query": "\u8fce\u98ce\u6d41\u6cea\u662f\u4ec0\u4e48\u539f\u56e0", "good_ab_doc_list": [1, 0, 2], "bad_ab_doc_list": [3, 6, 4, 5], "other_doc_list": [2, 14, 0, 9, 11, 13, 15, 7, 10, 8, 12], "doc_list": [["crop/39_3.png", "landing_page/39_3.png", 3], ["crop/39_7.png", "landing_page/39_7.png", 7], ["crop/39_4.png", "landing_page/39_4.png", 4], ["crop/39_5.png", "landing_page/39_5.png", 5], ["crop/39_1.png", "landing_page/39_1.png", 1], ["crop/39_2.png", "landing_page/39_2.png", 2], ["crop/39_15.png", "landing_page/39_15.png", 15], ["crop/39_0.png", "landing_page/39_0.png", 0], ["crop/39_10.png", "landing_page/39_10.png", 10], ["crop/39_12.png", "landing_page/39_12.png", 12], ["crop/39_14.png", "landing_page/39_14.png", 14], ["crop/39_16.png", "landing_page/39_16.png", 16], ["crop/39_8.png", "landing_page/39_8.png", 8], ["crop/39_11.png", "landing_page/39_11.png", 11], ["crop/39_9.png", "landing_page/39_9.png", 9], ["crop/39_13.png", "landing_page/39_13.png", 13]], "end_info": {"0": 1, "1": 5, "2": 0, "3": 0, "4": 0, "5": 0, "6": 0, "7": 0, "8": 0, "9": 0, "total": 5, "answer": "", "time_stamp": {"0": 3.7857840061187744, "1": 3.842573404312134}}}, {"id": 42, "query": "a2b2\u578b\u5316\u5408\u7269\u662f\u4ec0\u4e48", "good_ab_doc_list": [0, 10, 11, 12], "bad_ab_doc_list": [2, 4, 5], "other_doc_list": [16, 2, 6, 14, 13, 10, 7, 4, 11, 19, 9, 12, 17, 5, 8, 1, 15, 3, 18], "doc_list": [["crop/42_0.png", "landing_page/42_0.png", 0], ["crop/42_16.png", "landing_page/42_16.png", 16], ["crop/42_2.png", "landing_page/42_2.png", 2], ["crop/42_6.png", "landing_page/42_6.png", 6], ["crop/42_14.png", "landing_page/42_14.png", 14], ["crop/42_13.png", "landing_page/42_13.png", 13], ["crop/42_10.png", "landing_page/42_10.png", 10], ["crop/42_7.png", "landing_page/42_7.png", 7], ["crop/42_4.png", "landing_page/42_4.png", 4], ["crop/42_11.png", "landing_page/42_11.png", 11], ["crop/42_19.png", "landing_page/42_19.png", 19], ["crop/42_9.png", "landing_page/42_9.png", 9], ["crop/42_12.png", "landing_page/42_12.png", 12], ["crop/42_17.png", "landing_page/42_17.png", 17], ["crop/42_5.png", "landing_page/42_5.png", 5], ["crop/42_8.png", "landing_page/42_8.png", 8], ["crop/42_1.png", "landing_page/42_1.png", 1], ["crop/42_15.png", "landing_page/42_15.png", 15], ["crop/42_3.png", "landing_page/42_3.png", 3], ["crop/42_18.png", "landing_page/42_18.png", 18]], "end_info": {"0": 5, "1": 0, "2": 0, "3": 0, "4": 0, "5": 0, "6": 0, "7": 0, "8": 0, "9": 0, "total": 5, "answer": "", "time_stamp": {"0": 9.166065454483032}}}, {"id": 44, "query": "\u8475\u82b1\u7c7d\u6709\u8102\u80aa\u5417", "good_ab_doc_list": [6, 0], "bad_ab_doc_list": [11, 2, 9], "other_doc_list": [8, 4, 5, 0, 7, 10, 13, 3, 14, 12, 1, 15, 16], "doc_list": [["crop/44_11.png", "landing_page/44_11.png", 11], ["crop/44_2.png", "landing_page/44_2.png", 2], ["crop/44_9.png", "landing_page/44_9.png", 9], ["crop/44_6.png", "landing_page/44_6.png", 6], ["crop/44_8.png", "landing_page/44_8.png", 8], ["crop/44_4.png", "landing_page/44_4.png", 4], ["crop/44_5.png", "landing_page/44_5.png", 5], ["crop/44_0.png", "landing_page/44_0.png", 0], ["crop/44_7.png", "landing_page/44_7.png", 7], ["crop/44_10.png", "landing_page/44_10.png", 10], ["crop/44_13.png", "landing_page/44_13.png", 13], ["crop/44_3.png", "landing_page/44_3.png", 3], ["crop/44_14.png", "landing_page/44_14.png", 14], ["crop/44_12.png", "landing_page/44_12.png", 12], ["crop/44_1.png", "landing_page/44_1.png", 1], ["crop/44_15.png", "landing_page/44_15.png", 15], ["crop/44_16.png", "landing_page/44_16.png", 16]], "end_info": {"0": 5, "1": 0, "2": 0, "3": 0, "4": 0, "5": 0, "6": 0, "7": 0, "8": 0, "9": 0, "total": 5, "answer": "", "time_stamp": {"0": 4.298969984054565}}}, {"id": 53, "query": "\u9999\u69df\u73ab\u7470\u82b1\u4ee3\u8868\u4ec0\u4e48\u610f\u601d", "good_ab_doc_list": [0, 2, 13, 1, 10, 14, 9, 3, 7, 4, 5], "bad_ab_doc_list": [8, 6], "other_doc_list": [1, 5, 14, 19, 17, 13, 2, 11, 4, 18, 15, 9, 12, 10, 16, 3, 7], "doc_list": [["crop/53_8.png", "landing_page/53_8.png", 8], ["crop/53_6.png", "landing_page/53_6.png", 6], ["crop/53_0.png", "landing_page/53_0.png", 0], ["crop/53_1.png", "landing_page/53_1.png", 1], ["crop/53_5.png", "landing_page/53_5.png", 5], ["crop/53_14.png", "landing_page/53_14.png", 14], ["crop/53_19.png", "landing_page/53_19.png", 19], ["crop/53_17.png", "landing_page/53_17.png", 17], ["crop/53_13.png", "landing_page/53_13.png", 13], ["crop/53_2.png", "landing_page/53_2.png", 2], ["crop/53_11.png", "landing_page/53_11.png", 11], ["crop/53_4.png", "landing_page/53_4.png", 4], ["crop/53_18.png", "landing_page/53_18.png", 18], ["crop/53_15.png", "landing_page/53_15.png", 15], ["crop/53_9.png", "landing_page/53_9.png", 9], ["crop/53_12.png", "landing_page/53_12.png", 12], ["crop/53_10.png", "landing_page/53_10.png", 10], ["crop/53_16.png", "landing_page/53_16.png", 16], ["crop/53_3.png", "landing_page/53_3.png", 3], ["crop/53_7.png", "landing_page/53_7.png", 7]], "end_info": {"0": 5, "1": 0, "2": 0, "3": 0, "4": 0, "5": 0, "6": 0, "7": 0, "8": 0, "9": 0, "total": 5, "answer": "", "time_stamp": {"0": 3.832308769226074}}}, {"id": 57, "query": "\u7535\u8111ip\u5730\u5740\u600e\u4e48\u770b", "good_ab_doc_list": [1, 0], "bad_ab_doc_list": [7, 6, 5], "other_doc_list": [9, 12, 13, 17, 18, 6, 8, 14, 0, 4, 10, 5, 11, 3, 15, 2, 16, 19], "doc_list": [["crop/57_7.png", "landing_page/57_7.png", 7], ["crop/57_1.png", "landing_page/57_1.png", 1], ["crop/57_9.png", "landing_page/57_9.png", 9], ["crop/57_12.png", "landing_page/57_12.png", 12], ["crop/57_13.png", "landing_page/57_13.png", 13], ["crop/57_17.png", "landing_page/57_17.png", 17], ["crop/57_18.png", "landing_page/57_18.png", 18], ["crop/57_6.png", "landing_page/57_6.png", 6], ["crop/57_8.png", "landing_page/57_8.png", 8], ["crop/57_14.png", "landing_page/57_14.png", 14], ["crop/57_0.png", "landing_page/57_0.png", 0], ["crop/57_4.png", "landing_page/57_4.png", 4], ["crop/57_10.png", "landing_page/57_10.png", 10], ["crop/57_5.png", "landing_page/57_5.png", 5], ["crop/57_11.png", "landing_page/57_11.png", 11], ["crop/57_3.png", "landing_page/57_3.png", 3], ["crop/57_15.png", "landing_page/57_15.png", 15], ["crop/57_2.png", "landing_page/57_2.png", 2], ["crop/57_16.png", "landing_page/57_16.png", 16], ["crop/57_19.png", "landing_page/57_19.png", 19]], "end_info": {"0": 5, "1": 0, "2": 0, "3": 0, "4": 0, "5": 0, "6": 0, "7": 0, "8": 0, "9": 0, "total": 5, "answer": "", "time_stamp": {"0": 6.315066337585449}}}, {"id": 58, "query": "\u6469\u6258\u8f66\u53ef\u4ee5\u505c\u5728\u673a\u52a8\u8f66\u505c\u8f66\u4f4d\u4e0a\u5417", "good_ab_doc_list": [0, 1], "bad_ab_doc_list": [2, 8, 5], "other_doc_list": [2, 16, 4, 17, 9, 10, 18, 15, 12, 5, 11, 6, 7, 19, 1, 14, 8, 3, 13], "doc_list": [["crop/58_0.png", "crop/58_0.png", 0], ["crop/58_2.png", "landing_page/58_2.png", 2], ["crop/58_16.png", "landing_page/58_16.png", 16], ["crop/58_4.png", "landing_page/58_4.png", 4], ["crop/58_17.png", "landing_page/58_17.png", 17], ["crop/58_9.png", "landing_page/58_9.png", 9], ["crop/58_10.png", "landing_page/58_10.png", 10], ["crop/58_18.png", "landing_page/58_18.png", 18], ["crop/58_15.png", "landing_page/58_15.png", 15], ["crop/58_12.png", "landing_page/58_12.png", 12], ["crop/58_5.png", "landing_page/58_5.png", 5], ["crop/58_11.png", "landing_page/58_11.png", 11], ["crop/58_6.png", "landing_page/58_6.png", 6], ["crop/58_7.png", "landing_page/58_7.png", 7], ["crop/58_19.png", "landing_page/58_19.png", 19], ["crop/58_1.png", "landing_page/58_1.png", 1], ["crop/58_14.png", "landing_page/58_14.png", 14], ["crop/58_8.png", "landing_page/58_8.png", 8], ["crop/58_3.png", "landing_page/58_3.png", 3], ["crop/58_13.png", "landing_page/58_13.png", 13]], "end_info": {"0": 1, "1": 5, "2": 0, "3": 0, "4": 0, "5": 0, "6": 0, "7": 0, "8": 0, "9": 0, "total": 5, "answer": "", "time_stamp": {"0": 3.6065120697021484, "1": 4.46443247795105}}}, {"id": 59, "query": "\u6e7f\u75b9\u5403\u4ec0\u4e48\u98df\u7269\u597d\u5f97\u5feb", "good_ab_doc_list": [1, 3], "bad_ab_doc_list": [9, 2, 0, 6, 7, 10, 5], "other_doc_list": [14, 6, 3, 15, 4, 7, 16, 13, 8, 10, 17, 12, 0, 5, 11], "doc_list": [["crop/59_9.png", "landing_page/59_9.png", 9], ["crop/59_2.png", "landing_page/59_2.png", 2], ["crop/59_1.png", "landing_page/59_1.png", 1], ["crop/59_14.png", "landing_page/59_14.png", 14], ["crop/59_6.png", "landing_page/59_6.png", 6], ["crop/59_3.png", "landing_page/59_3.png", 3], ["crop/59_15.png", "landing_page/59_15.png", 15], ["crop/59_4.png", "landing_page/59_4.png", 4], ["crop/59_7.png", "landing_page/59_7.png", 7], ["crop/59_16.png", "landing_page/59_16.png", 16], ["crop/59_13.png", "landing_page/59_13.png", 13], ["crop/59_8.png", "landing_page/59_8.png", 8], ["crop/59_10.png", "landing_page/59_10.png", 10], ["crop/59_17.png", "landing_page/59_17.png", 17], ["crop/59_12.png", "landing_page/59_12.png", 12], ["crop/59_0.png", "landing_page/59_0.png", 0], ["crop/59_5.png", "landing_page/59_5.png", 5], ["crop/59_11.png", "landing_page/59_11.png", 11]], "end_info": {"0": 5, "1": 0, "2": 0, "3": 0, "4": 0, "5": 0, "6": 0, "7": 0, "8": 0, "9": 0, "total": 5, "answer": "", "time_stamp": {"0": 5.86414361000061}}}, {"id": 61, "query": "\u88ab\u868a\u5b50\u54ac\u4e86\u600e\u4e48\u6b62\u75d2\u6d88\u80bf", "good_ab_doc_list": [14, 5, 10, 9, 0, 8, 12, 2, 13, 4], "bad_ab_doc_list": [1, 6], "other_doc_list": [12, 5, 13, 7, 15, 0, 8, 2, 4, 10, 9, 3, 11], "doc_list": [["crop/61_1.png", "landing_page/61_1.png", 1], ["crop/61_6.png", "landing_page/61_6.png", 6], ["crop/61_14.png", "landing_page/61_14.png", 14], ["crop/61_12.png", "landing_page/61_12.png", 12], ["crop/61_5.png", "landing_page/61_5.png", 5], ["crop/61_13.png", "landing_page/61_13.png", 13], ["crop/61_7.png", "landing_page/61_7.png", 7], ["crop/61_15.png", "landing_page/61_15.png", 15], ["crop/61_0.png", "landing_page/61_0.png", 0], ["crop/61_8.png", "landing_page/61_8.png", 8], ["crop/61_2.png", "landing_page/61_2.png", 2], ["crop/61_4.png", "landing_page/61_4.png", 4], ["crop/61_10.png", "landing_page/61_10.png", 10], ["crop/61_9.png", "landing_page/61_9.png", 9], ["crop/61_3.png", "landing_page/61_3.png", 3], ["crop/61_11.png", "landing_page/61_11.png", 11]], "end_info": {"0": 3, "1": 2, "2": 5, "3": 0, "4": 0, "5": 0, "6": 0, "7": 0, "8": 0, "9": 0, "total": 5, "answer": "", "time_stamp": {"0": 6.728193998336792, "1": 4.076517105102539, "2": 3.925069808959961}}}, {"id": 62, "query": "235\u662f\u591a\u5c11\u7801\u7684\u978b\u5b50", "good_ab_doc_list": [3, 13], "bad_ab_doc_list": [4, 9, 0, 7], "other_doc_list": [5, 16, 9, 0, 15, 2, 6, 1, 18, 8, 4, 11, 7, 14, 12, 17, 13, 10], "doc_list": [["crop/62_4.png", "landing_page/62_4.png", 4], ["crop/62_6.png", "landing_page/62_6.png", 6], ["crop/62_17.png", "landing_page/62_17.png", 17], ["crop/62_10.png", "landing_page/62_10.png", 10], ["crop/62_0.png", "landing_page/62_0.png", 0], ["crop/62_16.png", "landing_page/62_16.png", 16], ["crop/62_3.png", "landing_page/62_3.png", 3], ["crop/62_7.png", "landing_page/62_7.png", 7], ["crop/62_1.png", "landing_page/62_1.png", 1], ["crop/62_19.png", "landing_page/62_19.png", 19], ["crop/62_9.png", "landing_page/62_9.png", 9], ["crop/62_5.png", "landing_page/62_5.png", 5], ["crop/62_12.png", "landing_page/62_12.png", 12], ["crop/62_8.png", "landing_page/62_8.png", 8], ["crop/62_15.png", "landing_page/62_15.png", 15], ["crop/62_13.png", "landing_page/62_13.png", 13], ["crop/62_18.png", "landing_page/62_18.png", 18], ["crop/62_14.png", "landing_page/62_14.png", 14], ["crop/62_11.png", "landing_page/62_11.png", 11]], "end_info": {"0": 5, "1": 0, "2": 0, "3": 0, "4": 0, "5": 0, "6": 0, "7": 0, "8": 0, "9": 0, "total": 5, "answer": "", "time_stamp": {"0": 3.8487961292266846}}}, {"id": 68, "query": "\u6469\u6d1b\u54e5\u662f\u54ea\u4e2a\u56fd\u5bb6", "good_ab_doc_list": [5, 7, 10, 2, 4, 0, 11, 8, 1], "bad_ab_doc_list": [9, 6, 12], "other_doc_list": [13, 12, 4, 14, 15, 1, 8, 10, 11, 6, 2, 16, 3, 9, 7, 0], "doc_list": [["crop/68_5.png", "landing_page/68_5.png", 5], ["crop/68_15.png", "landing_page/68_15.png", 15], ["crop/68_14.png", "landing_page/68_14.png", 14], ["crop/68_4.png", "landing_page/68_4.png", 4], ["crop/68_16.png", "landing_page/68_16.png", 16], ["crop/68_17.png", "landing_page/68_17.png", 17], ["crop/68_1.png", "landing_page/68_1.png", 1], ["crop/68_9.png", "landing_page/68_9.png", 9], ["crop/68_12.png", "landing_page/68_12.png", 12], ["crop/68_13.png", "landing_page/68_13.png", 13], ["crop/68_6.png", "landing_page/68_6.png", 6], ["crop/68_2.png", "landing_page/68_2.png", 2], ["crop/68_18.png", "landing_page/68_18.png", 18], ["crop/68_3.png", "landing_page/68_3.png", 3], ["crop/68_11.png", "landing_page/68_11.png", 11], ["crop/68_7.png", "landing_page/68_7.png", 7], ["crop/68_0.png", "landing_page/68_0.png", 0]], "end_info": {"0": 5, "1": 0, "2": 0, "3": 0, "4": 0, "5": 0, "6": 0, "7": 0, "8": 0, "9": 0, "total": 5, "answer": "", "time_stamp": {"0": 5.0455451011657715}}}, {"id": 69, "query": "47.28\u6b27\u5143\u7b49\u4e8e\u591a\u5c11\u7f8e\u5143", "good_ab_doc_list": [], "bad_ab_doc_list": [7, 1, 8, 10], "other_doc_list": [11, 15, 12, 6, 17, 13, 1, 3, 5, 14, 8, 4, 0, 2, 10, 16, 9], "doc_list": [["crop/69_9.png", "landing_page/69_9.png", 9], ["crop/69_13.png", "landing_page/69_13.png", 13], ["crop/69_17.png", "landing_page/69_17.png", 17], ["crop/69_14.png", "landing_page/69_14.png", 14], ["crop/69_8.png", "landing_page/69_8.png", 8], ["crop/69_19.png", "landing_page/69_19.png", 19], ["crop/69_15.png", "landing_page/69_15.png", 15], ["crop/69_1.png", "landing_page/69_1.png", 1], ["crop/69_5.png", "landing_page/69_5.png", 5], ["crop/69_7.png", "landing_page/69_7.png", 7], ["crop/69_16.png", "landing_page/69_16.png", 16], ["crop/69_10.png", "landing_page/69_10.png", 10], ["crop/69_6.png", "landing_page/69_6.png", 6], ["crop/69_0.png", "crop/69_0.png", 0], ["crop/69_4.png", "landing_page/69_4.png", 4], ["crop/69_12.png", "landing_page/69_12.png", 12], ["crop/69_18.png", "landing_page/69_18.png", 18], ["crop/69_11.png", "landing_page/69_11.png", 11]], "end_info": {"0": 1, "1": 1, "2": 4, "3": 0, "4": 0, "5": 0, "6": 0, "7": 0, "8": 0, "9": 0, "total": 5, "answer": "", "time_stamp": {"0": 3.5356390476226807, "1": 3.541534662246704, "2": 4.369120121002197}}}, {"id": 70, "query": "\u7638\u5b50\u7ca4\u8bed\u600e\u4e48\u8bf4", "good_ab_doc_list": [0], "bad_ab_doc_list": [11, 10, 9], "other_doc_list": [9, 10, 1, 12, 5, 2, 3, 13, 4, 6, 8, 7], "doc_list": [["crop/70_14.png", "landing_page/70_14.png", 14], ["crop/70_0.png", "landing_page/70_0.png", 0], ["crop/70_12.png", "landing_page/70_12.png", 12], ["crop/70_13.png", "landing_page/70_13.png", 13], ["crop/70_2.png", "landing_page/70_2.png", 2], ["crop/70_15.png", "landing_page/70_15.png", 15], ["crop/70_8.png", "landing_page/70_8.png", 8], ["crop/70_5.png", "landing_page/70_5.png", 5], ["crop/70_6.png", "landing_page/70_6.png", 6], ["crop/70_16.png", "landing_page/70_16.png", 16], ["crop/70_7.png", "landing_page/70_7.png", 7], ["crop/70_9.png", "landing_page/70_9.png", 9], ["crop/70_11.png", "landing_page/70_11.png", 11], ["crop/70_10.png", "landing_page/70_10.png", 10]], "end_info": {}}]