[{"id": 73, "query": "\u8f85\u9053\u662f\u4ec0\u4e48\u610f\u601d", "doc_list": [["crop/73_14.png", "landing_page/73_14.png", 14], ["crop/73_7.png", "landing_page/73_7.png", 7], ["crop/73_1.png", "landing_page/73_1.png", 1], ["crop/73_4.png", "landing_page/73_4.png", 4], ["crop/73_8.png", "landing_page/73_8.png", 8], ["crop/73_11.png", "landing_page/73_11.png", 11], ["crop/73_12.png", "landing_page/73_12.png", 12], ["crop/73_2.png", "landing_page/73_2.png", 2], ["crop/73_10.png", "landing_page/73_10.png", 10], ["crop/73_13.png", "landing_page/73_13.png", 13], ["crop/73_15.png", "landing_page/73_15.png", 15], ["crop/73_9.png", "landing_page/73_9.png", 9], ["crop/73_3.png", "landing_page/73_3.png", 3], ["crop/73_0.png", "landing_page/73_0.png", 0], ["crop/73_6.png", "landing_page/73_6.png", 6]], "end_info": {"0": 2, "1": 1, "2": 5, "3": 0, "4": 0, "5": 0, "6": 0, "7": 0, "8": 0, "9": 0, "total": 4, "answer": "\u4e3a\u4e86\u65b9\u4fbf\u6216\u5b89\u5168\u7684\u8f85\u52a9\u9053\u8def", "diff": 3, "time_stamp": {"0": 13.35074758529663, "1": 5.236578702926636, "2": 5.757237911224365}}, "bad_len": 2}, {"id": 67, "query": "\u9ad8\u901f\u7206\u80ce\u600e\u4e48\u5904\u7406", "doc_list": [["crop/67_4.png", "landing_page/67_4.png", 4], ["crop/67_14.png", "landing_page/67_14.png", 14], ["crop/67_8.png", "landing_page/67_8.png", 8], ["crop/67_11.png", "landing_page/67_11.png", 11], ["crop/67_2.png", "landing_page/67_2.png", 2], ["crop/67_13.png", "landing_page/67_13.png", 13], ["crop/67_0.png", "landing_page/67_0.png", 0], ["crop/67_3.png", "landing_page/67_3.png", 3], ["crop/67_10.png", "landing_page/67_10.png", 10], ["crop/67_5.png", "landing_page/67_5.png", 5], ["crop/67_1.png", "landing_page/67_1.png", 1], ["crop/67_6.png", "landing_page/67_6.png", 6], ["crop/67_9.png", "landing_page/67_9.png", 9], ["crop/67_12.png", "landing_page/67_12.png", 12], ["crop/67_7.png", "landing_page/67_7.png", 7]], "end_info": {"0": 5, "1": 0, "2": 0, "3": 0, "4": 0, "5": 0, "6": 0, "7": 0, "8": 0, "9": 0, "total": 5, "answer": "\u63a7\u5236\u597d\u65b9\u5411\u76d8\uff0c\u677e\u6cb9\u95e8\uff0c\u6162\u6162\u51cf\u901f\uff1b\u6253\u5f00\u8f66\u4e0a\u5371\u9669\u63d0\u793a\u706f\u540e\u8fdc\u79bb\u8f66\u8f86\uff0c\u5728\u8f66\u8f86\u540e\u653e\u7f6e\u8b66\u793a\u724c\u5e76\u62a5\u8b66", "diff": 5, "time_stamp": {"0": 5.9971489906311035}}, "bad_len": 1}, {"id": 61, "query": "\u88ab\u868a\u5b50\u54ac\u4e86\u600e\u4e48\u6b62\u75d2\u6d88\u80bf", "doc_list": [["crop/61_2.png", "landing_page/61_2.png", 2], ["crop/61_5.png", "landing_page/61_5.png", 5], ["crop/61_14.png", "landing_page/61_14.png", 14], ["crop/61_9.png", "landing_page/61_9.png", 9], ["crop/61_3.png", "landing_page/61_3.png", 3], ["crop/61_10.png", "landing_page/61_10.png", 10], ["crop/61_11.png", "landing_page/61_11.png", 11], ["crop/61_4.png", "landing_page/61_4.png", 4], ["crop/61_0.png", "landing_page/61_0.png", 0], ["crop/61_6.png", "landing_page/61_6.png", 6], ["crop/61_7.png", "landing_page/61_7.png", 7], ["crop/61_1.png", "landing_page/61_1.png", 1], ["crop/61_13.png", "landing_page/61_13.png", 13], ["crop/61_12.png", "landing_page/61_12.png", 12], ["crop/61_8.png", "landing_page/61_8.png", 8]], "end_info": {"0": 1, "1": 1, "2": 4, "3": 4, "4": 0, "5": 0, "6": 0, "7": 0, "8": 0, "9": 0, "total": 3, "answer": "\u6d82\u80a5\u7682\u6c34\u53bb\u9664\u868a\u5b50\u6bd2\u6db2\u6216\u4f7f\u7528\u6d88\u80bf\u6b62\u75d2\u836f\u5242\u6cbb\u7597", "diff": 3, "time_stamp": {"0": 11.545169591903687, "1": 6.0225677490234375, "2": 6.636476278305054, "3": 8.294648885726929}}, "bad_len": 3}, {"id": 6, "query": "\u4e70\u4e00\u53ea\u8428\u6469\u8036\u8981\u591a\u5c11\u94b1\uff1f", "doc_list": [["crop/6_13.png", "landing_page/6_13.png", 13], ["crop/6_9.png", "landing_page/6_9.png", 9], ["crop/6_15.png", "landing_page/6_15.png", 15], ["crop/6_8.png", "landing_page/6_8.png", 8], ["crop/6_1.png", "landing_page/6_1.png", 1], ["crop/6_7.png", "landing_page/6_7.png", 7], ["crop/6_0.png", "landing_page/6_0.png", 0], ["crop/6_6.png", "landing_page/6_6.png", 6], ["crop/6_19.png", "landing_page/6_19.png", 19], ["crop/6_16.png", "landing_page/6_16.png", 16], ["crop/6_12.png", "landing_page/6_12.png", 12], ["crop/6_14.png", "landing_page/6_14.png", 14], ["crop/6_11.png", "landing_page/6_11.png", 11], ["crop/6_3.png", "landing_page/6_3.png", 3], ["crop/6_10.png", "landing_page/6_10.png", 10], ["crop/6_5.png", "landing_page/6_5.png", 5], ["crop/6_4.png", "landing_page/6_4.png", 4], ["crop/6_2.png", "landing_page/6_2.png", 2], ["crop/6_18.png", "landing_page/6_18.png", 18], ["crop/6_17.png", "landing_page/6_17.png", 17]], "end_info": {"0": 1, "1": 4, "2": 1, "3": 1, "4": 2, "5": 4, "6": 0, "7": 0, "8": 0, "9": 0, "total": 3, "answer": "\u6700\u5c11\u4e5f\u8981\u4e00\u4e24\u5343", "diff": 3, "time_stamp": {"0": 10.086678504943848, "1": 6.5949766635894775, "2": 7.783161401748657, "3": 6.500743389129639, "4": 4.667166233062744, "5": 5.424797296524048}}, "bad_len": 1}, {"id": 11, "query": "\u6a80\u9999\u5c71\u662f\u54ea\u4e2a\u56fd\u5bb6\u7684", "doc_list": [["crop/11_17.png", "landing_page/11_17.png", 17], ["crop/11_0.png", "landing_page/11_0.png", 0], ["crop/11_8.png", "landing_page/11_8.png", 8], ["crop/11_7.png", "landing_page/11_7.png", 7], ["crop/11_9.png", "landing_page/11_9.png", 9], ["crop/11_5.png", "landing_page/11_5.png", 5], ["crop/11_4.png", "landing_page/11_4.png", 4], ["crop/11_10.png", "landing_page/11_10.png", 10], ["crop/11_12.png", "landing_page/11_12.png", 12], ["crop/11_15.png", "landing_page/11_15.png", 15], ["crop/11_3.png", "landing_page/11_3.png", 3], ["crop/11_11.png", "landing_page/11_11.png", 11], ["crop/11_1.png", "landing_page/11_1.png", 1], ["crop/11_13.png", "landing_page/11_13.png", 13], ["crop/11_18.png", "landing_page/11_18.png", 18], ["crop/11_14.png", "landing_page/11_14.png", 14], ["crop/11_2.png", "landing_page/11_2.png", 2]], "end_info": {"0": 1, "1": 5, "2": 0, "3": 0, "4": 0, "5": 0, "6": 0, "7": 0, "8": 0, "9": 0, "total": 5, "answer": "\u7f8e\u56fd", "diff": 4, "time_stamp": {"0": 9.321513652801514, "1": 8.807888507843018}}, "bad_len": 4}, {"id": 85, "query": "\u7f13\u7f13\u98d8\u843d\u7684\u67ab\u53f6\u50cf\u601d\u5ff5\u4ec0\u4e48\u6b4c\u6b4c\u8bcd", "doc_list": [["crop/85_14.png", "landing_page/85_14.png", 14], ["crop/85_13.png", "landing_page/85_13.png", 13], ["crop/85_1.png", "landing_page/85_1.png", 1], ["crop/85_0.png", "landing_page/85_0.png", 0], ["crop/85_8.png", "landing_page/85_8.png", 8], ["crop/85_12.png", "landing_page/85_12.png", 12], ["crop/85_9.png", "landing_page/85_9.png", 9], ["crop/85_4.png", "landing_page/85_4.png", 4], ["crop/85_6.png", "landing_page/85_6.png", 6], ["crop/85_7.png", "landing_page/85_7.png", 7], ["crop/85_10.png", "landing_page/85_10.png", 10], ["crop/85_5.png", "landing_page/85_5.png", 5], ["crop/85_2.png", "landing_page/85_2.png", 2], ["crop/85_3.png", "landing_page/85_3.png", 3], ["crop/85_11.png", "landing_page/85_11.png", 11]], "end_info": {"0": 1, "1": 1, "2": 5, "3": 0, "4": 0, "5": 0, "6": 0, "7": 0, "8": 0, "9": 0, "total": 4, "answer": "\u67ab", "diff": 4, "time_stamp": {"0": 5.087852716445923, "1": 13.911679983139038, "2": 9.378349304199219}}, "bad_len": 1}, {"id": 91, "query": "lol\u4e91\u9876\u4e00\u8d39\u5361\u6709\u591a\u5c11\u5f20", "doc_list": [["crop/91_13.png", "landing_page/91_13.png", 13], ["crop/91_2.png", "landing_page/91_2.png", 2], ["crop/91_11.png", "landing_page/91_11.png", 11], ["crop/91_3.png", "landing_page/91_3.png", 3], ["crop/91_6.png", "landing_page/91_6.png", 6], ["crop/91_14.png", "landing_page/91_14.png", 14], ["crop/91_16.png", "landing_page/91_16.png", 16], ["crop/91_1.png", "landing_page/91_1.png", 1], ["crop/91_12.png", "landing_page/91_12.png", 12], ["crop/91_4.png", "landing_page/91_4.png", 4], ["crop/91_10.png", "landing_page/91_10.png", 10], ["crop/91_19.png", "landing_page/91_19.png", 19], ["crop/91_9.png", "landing_page/91_9.png", 9], ["crop/91_8.png", "landing_page/91_8.png", 8], ["crop/91_0.png", "landing_page/91_0.png", 0], ["crop/91_15.png", "landing_page/91_15.png", 15], ["crop/91_17.png", "landing_page/91_17.png", 17], ["crop/91_5.png", "landing_page/91_5.png", 5], ["crop/91_18.png", "landing_page/91_18.png", 18], ["crop/91_7.png", "landing_page/91_7.png", 7]], "end_info": {"0": 5, "1": 1, "2": 4, "3": 1, "4": 4, "5": 1, "6": 1, "7": 1, "8": 4, "9": 4, "total": 4, "answer": "507", "diff": 2, "time_stamp": {"0": 7.623215436935425, "1": 10.618748188018799, "2": 7.783428430557251, "3": 6.041189670562744, "4": 6.747077465057373, "5": 6.915602445602417, "6": 4.001514673233032, "7": 5.6637468338012695, "8": 5.422170400619507, "9": 9.430019855499268}}, "bad_len": 2}, {"id": 56, "query": "scroll lock\u952e\u662f\u4ec0\u4e48\u610f\u601d", "doc_list": [["crop/56_12.png", "landing_page/56_12.png", 12], ["crop/56_0.png", "landing_page/56_0.png", 0], ["crop/56_2.png", "landing_page/56_2.png", 2], ["crop/56_9.png", "landing_page/56_9.png", 9], ["crop/56_7.png", "landing_page/56_7.png", 7], ["crop/56_4.png", "landing_page/56_4.png", 4], ["crop/56_6.png", "landing_page/56_6.png", 6], ["crop/56_5.png", "landing_page/56_5.png", 5], ["crop/56_8.png", "landing_page/56_8.png", 8], ["crop/56_13.png", "landing_page/56_13.png", 13], ["crop/56_14.png", "landing_page/56_14.png", 14], ["crop/56_11.png", "landing_page/56_11.png", 11], ["crop/56_3.png", "landing_page/56_3.png", 3], ["crop/56_1.png", "landing_page/56_1.png", 1], ["crop/56_15.png", "landing_page/56_15.png", 15]], "end_info": {"0": 1, "1": 5, "2": 1, "3": 1, "4": 5, "5": 0, "6": 0, "7": 0, "8": 0, "9": 0, "total": 4, "answer": "\u6eda\u52a8\u9501\u5c4f\u952e", "diff": 4, "time_stamp": {"0": 7.475356817245483, "1": 7.25557017326355, "2": 4.082838773727417, "3": 4.037854909896851, "4": 5.041231155395508}}, "bad_len": 1}, {"id": 69, "query": "47.28\u6b27\u5143\u7b49\u4e8e\u591a\u5c11\u7f8e\u5143", "doc_list": [["crop/69_0.png", "crop/69_0.png", 0], ["crop/69_17.png", "landing_page/69_17.png", 17], ["crop/69_14.png", "landing_page/69_14.png", 14], ["crop/69_4.png", "landing_page/69_4.png", 4], ["crop/69_7.png", "landing_page/69_7.png", 7], ["crop/69_5.png", "landing_page/69_5.png", 5], ["crop/69_16.png", "landing_page/69_16.png", 16], ["crop/69_6.png", "landing_page/69_6.png", 6], ["crop/69_12.png", "landing_page/69_12.png", 12], ["crop/69_11.png", "landing_page/69_11.png", 11], ["crop/69_9.png", "landing_page/69_9.png", 9], ["crop/69_1.png", "landing_page/69_1.png", 1], ["crop/69_18.png", "landing_page/69_18.png", 18], ["crop/69_15.png", "landing_page/69_15.png", 15], ["crop/69_8.png", "landing_page/69_8.png", 8], ["crop/69_13.png", "landing_page/69_13.png", 13], ["crop/69_19.png", "landing_page/69_19.png", 19], ["crop/69_10.png", "landing_page/69_10.png", 10]], "end_info": {"0": 5, "1": 5, "2": 5, "3": 1, "4": 1, "5": 1, "6": 1, "7": 4, "8": 1, "9": 1, "total": 5, "answer": "56.6509", "diff": 3, "time_stamp": {"0": 8.93127965927124, "1": 4.159801959991455, "2": 7.693529844284058, "3": 6.086519718170166, "4": 5.84557580947876, "5": 3.7452187538146973, "6": 3.325592279434204, "7": 6.629870176315308, "8": 15.96614933013916, "9": 6.11250114440918}}, "bad_len": 0}, {"id": 86, "query": "\u5feb\u6d88\u54c1\u884c\u4e1a\u6709\u54ea\u4e9b", "doc_list": [["crop/86_0.png", "landing_page/86_0.png", 0], ["crop/86_3.png", "landing_page/86_3.png", 3], ["crop/86_10.png", "landing_page/86_10.png", 10], ["crop/86_14.png", "landing_page/86_14.png", 14], ["crop/86_11.png", "landing_page/86_11.png", 11], ["crop/86_5.png", "landing_page/86_5.png", 5], ["crop/86_9.png", "landing_page/86_9.png", 9], ["crop/86_6.png", "landing_page/86_6.png", 6], ["crop/86_12.png", "landing_page/86_12.png", 12], ["crop/86_7.png", "landing_page/86_7.png", 7], ["crop/86_13.png", "landing_page/86_13.png", 13], ["crop/86_2.png", "landing_page/86_2.png", 2], ["crop/86_8.png", "landing_page/86_8.png", 8], ["crop/86_1.png", "landing_page/86_1.png", 1], ["crop/86_15.png", "landing_page/86_15.png", 15]], "end_info": {"0": 5, "1": 1, "2": 1, "3": 1, "4": 1, "5": 1, "6": 2, "7": 0, "8": 0, "9": 0, "total": 3, "answer": "\u4e2a\u4eba\u62a4\u7406\u3001\u98df\u54c1\u996e\u6599\u3001\u70df\u9152\u3001\u975e\u5904\u65b9\u836f\u7b49\u5feb\u901f\u6d88\u8d39\u54c1\u884c\u4e1a", "diff": 3, "time_stamp": {"0": 18.006264209747314, "1": 5.292327880859375, "2": 4.6889684200286865, "3": 6.455806732177734, "4": 3.9045610427856445, "5": 3.698307514190674, "6": 9.269461393356323}}, "bad_len": 0}, {"id": 32, "query": "\u7816\u80ce\u819c\u7528\u4ec0\u4e48\u7816\u780c\u7b51", "doc_list": [["crop/32_1.png", "landing_page/32_1.png", 1], ["crop/32_7.png", "landing_page/32_7.png", 7], ["crop/32_2.png", "landing_page/32_2.png", 2], ["crop/32_12.png", "landing_page/32_12.png", 12], ["crop/32_8.png", "landing_page/32_8.png", 8], ["crop/32_14.png", "landing_page/32_14.png", 14], ["crop/32_15.png", "landing_page/32_15.png", 15], ["crop/32_9.png", "landing_page/32_9.png", 9], ["crop/32_11.png", "landing_page/32_11.png", 11], ["crop/32_16.png", "landing_page/32_16.png", 16], ["crop/32_4.png", "landing_page/32_4.png", 4], ["crop/32_0.png", "landing_page/32_0.png", 0], ["crop/32_6.png", "landing_page/32_6.png", 6], ["crop/32_5.png", "landing_page/32_5.png", 5], ["crop/32_3.png", "landing_page/32_3.png", 3], ["crop/32_13.png", "landing_page/32_13.png", 13], ["crop/32_10.png", "landing_page/32_10.png", 10]], "end_info": {"0": 5, "1": 0, "2": 0, "3": 0, "4": 0, "5": 0, "6": 0, "7": 0, "8": 0, "9": 0, "total": 5, "answer": "\u6807\u51c6\u7816", "diff": 3, "time_stamp": {"0": 34.49608659744263}}, "bad_len": 0}, {"id": 62, "query": "235\u662f\u591a\u5c11\u7801\u7684\u978b\u5b50", "doc_list": [["crop/62_8.png", "landing_page/62_8.png", 8], ["crop/62_1.png", "landing_page/62_1.png", 1], ["crop/62_4.png", "landing_page/62_4.png", 4], ["crop/62_9.png", "landing_page/62_9.png", 9], ["crop/62_19.png", "landing_page/62_19.png", 19], ["crop/62_3.png", "landing_page/62_3.png", 3], ["crop/62_7.png", "landing_page/62_7.png", 7], ["crop/62_11.png", "landing_page/62_11.png", 11], ["crop/62_17.png", "landing_page/62_17.png", 17], ["crop/62_12.png", "landing_page/62_12.png", 12], ["crop/62_13.png", "landing_page/62_13.png", 13], ["crop/62_18.png", "landing_page/62_18.png", 18], ["crop/62_10.png", "landing_page/62_10.png", 10], ["crop/62_0.png", "landing_page/62_0.png", 0], ["crop/62_5.png", "landing_page/62_5.png", 5], ["crop/62_6.png", "landing_page/62_6.png", 6], ["crop/62_14.png", "landing_page/62_14.png", 14], ["crop/62_15.png", "landing_page/62_15.png", 15], ["crop/62_16.png", "landing_page/62_16.png", 16]], "end_info": {"0": 5, "1": 0, "2": 0, "3": 0, "4": 0, "5": 0, "6": 0, "7": 0, "8": 0, "9": 0, "total": 5, "answer": "37", "diff": 4, "time_stamp": {"0": 4.483604431152344}}, "bad_len": 3}, {"id": 51, "query": "\u77e5\u7f51\u67e5\u91cd\u662f\u5168\u7f51\u67e5\u91cd\u5417", "doc_list": [["crop/51_3.png", "landing_page/51_3.png", 3], ["crop/51_11.png", "landing_page/51_11.png", 11], ["crop/51_2.png", "landing_page/51_2.png", 2], ["crop/51_0.png", "landing_page/51_0.png", 0], ["crop/51_1.png", "landing_page/51_1.png", 1], ["crop/51_5.png", "landing_page/51_5.png", 5], ["crop/51_12.png", "landing_page/51_12.png", 12], ["crop/51_6.png", "landing_page/51_6.png", 6], ["crop/51_7.png", "landing_page/51_7.png", 7], ["crop/51_8.png", "landing_page/51_8.png", 8], ["crop/51_9.png", "landing_page/51_9.png", 9], ["crop/51_13.png", "landing_page/51_13.png", 13], ["crop/51_4.png", "landing_page/51_4.png", 4], ["crop/51_10.png", "landing_page/51_10.png", 10], ["crop/51_14.png", "landing_page/51_14.png", 14]], "end_info": {"0": 1, "1": 1, "2": 1, "3": 5, "4": 0, "5": 0, "6": 0, "7": 0, "8": 0, "9": 0, "total": 4, "answer": "\u662f", "diff": 4, "time_stamp": {"0": 7.468885660171509, "1": 5.33084774017334, "2": 4.639153003692627, "3": 6.545340299606323}}, "bad_len": 3}, {"id": 53, "query": "\u9999\u69df\u73ab\u7470\u82b1\u4ee3\u8868\u4ec0\u4e48\u610f\u601d", "doc_list": [["crop/53_4.png", "landing_page/53_4.png", 4], ["crop/53_13.png", "landing_page/53_13.png", 13], ["crop/53_6.png", "landing_page/53_6.png", 6], ["crop/53_17.png", "landing_page/53_17.png", 17], ["crop/53_9.png", "landing_page/53_9.png", 9], ["crop/53_16.png", "landing_page/53_16.png", 16], ["crop/53_10.png", "landing_page/53_10.png", 10], ["crop/53_7.png", "landing_page/53_7.png", 7], ["crop/53_8.png", "landing_page/53_8.png", 8], ["crop/53_2.png", "landing_page/53_2.png", 2], ["crop/53_15.png", "landing_page/53_15.png", 15], ["crop/53_1.png", "landing_page/53_1.png", 1], ["crop/53_11.png", "landing_page/53_11.png", 11], ["crop/53_18.png", "landing_page/53_18.png", 18], ["crop/53_5.png", "landing_page/53_5.png", 5], ["crop/53_12.png", "landing_page/53_12.png", 12], ["crop/53_19.png", "landing_page/53_19.png", 19], ["crop/53_3.png", "landing_page/53_3.png", 3], ["crop/53_14.png", "landing_page/53_14.png", 14], ["crop/53_0.png", "landing_page/53_0.png", 0]], "end_info": {"0": 4, "1": 1, "2": 5, "3": 0, "4": 0, "5": 0, "6": 0, "7": 0, "8": 0, "9": 0, "total": 4, "answer": "\u5fe0\u8d1e\u4e0d\u4e8c\u7684\u7231", "diff": 4, "time_stamp": {"0": 7.625420093536377, "1": 5.546193599700928, "2": 6.832041025161743}}, "bad_len": 2}, {"id": 79, "query": "\u8bf4\u4ec0\u4e48\u4e0b\u8bfe\u94c3 \u5728\u64cd\u573a\u7b49\u4f60 \u662f\u4ec0\u4e48\u6b4c", "doc_list": [["crop/79_4.png", "landing_page/79_4.png", 4], ["crop/79_0.png", "landing_page/79_0.png", 0], ["crop/79_19.png", "landing_page/79_19.png", 19], ["crop/79_11.png", "landing_page/79_11.png", 11], ["crop/79_16.png", "landing_page/79_16.png", 16], ["crop/79_1.png", "landing_page/79_1.png", 1], ["crop/79_3.png", "landing_page/79_3.png", 3], ["crop/79_15.png", "landing_page/79_15.png", 15], ["crop/79_8.png", "landing_page/79_8.png", 8], ["crop/79_5.png", "landing_page/79_5.png", 5], ["crop/79_2.png", "landing_page/79_2.png", 2], ["crop/79_7.png", "landing_page/79_7.png", 7], ["crop/79_10.png", "landing_page/79_10.png", 10], ["crop/79_12.png", "landing_page/79_12.png", 12], ["crop/79_9.png", "landing_page/79_9.png", 9], ["crop/79_18.png", "landing_page/79_18.png", 18], ["crop/79_17.png", "landing_page/79_17.png", 17], ["crop/79_6.png", "landing_page/79_6.png", 6], ["crop/79_13.png", "landing_page/79_13.png", 13]], "end_info": {"0": 5, "1": 0, "2": 0, "3": 0, "4": 0, "5": 0, "6": 0, "7": 0, "8": 0, "9": 0, "total": 5, "answer": "\u4e07\u6709\u5f15\u529b", "diff": 3, "time_stamp": {"0": 8.013491153717041}}, "bad_len": 1}, {"id": 84, "query": "\u5e02\u573a\u8425\u9500swot\u662f\u4ec0\u4e48\u610f\u601d", "doc_list": [["crop/84_0.png", "landing_page/84_0.png", 0], ["crop/84_8.png", "landing_page/84_8.png", 8], ["crop/84_9.png", "landing_page/84_9.png", 9], ["crop/84_15.png", "landing_page/84_15.png", 15], ["crop/84_16.png", "landing_page/84_16.png", 16], ["crop/84_10.png", "landing_page/84_10.png", 10], ["crop/84_17.png", "landing_page/84_17.png", 17], ["crop/84_2.png", "landing_page/84_2.png", 2], ["crop/84_11.png", "landing_page/84_11.png", 11], ["crop/84_1.png", "landing_page/84_1.png", 1], ["crop/84_12.png", "landing_page/84_12.png", 12], ["crop/84_4.png", "landing_page/84_4.png", 4], ["crop/84_13.png", "landing_page/84_13.png", 13], ["crop/84_3.png", "landing_page/84_3.png", 3], ["crop/84_14.png", "landing_page/84_14.png", 14], ["crop/84_5.png", "landing_page/84_5.png", 5], ["crop/84_18.png", "landing_page/84_18.png", 18]], "end_info": {"0": 5, "1": 0, "2": 0, "3": 0, "4": 0, "5": 0, "6": 0, "7": 0, "8": 0, "9": 0, "total": 5, "answer": "\u786e\u5b9a\u4f01\u4e1a\u4f18\u52bf\u52a3\u52bf\u673a\u4f1a\u5a01\u80c1\u7684\u5206\u6790\u65b9\u6cd5", "diff": 5, "time_stamp": {"0": 27.388492107391357}}, "bad_len": 0}, {"id": 90, "query": "\u4e00\u4e2a\u8349\u5b57\u5934\u4e00\u4e2a\u9c7c\u4e00\u4e2a\u5229\u5200\u5ff5\u4ec0\u4e48", "doc_list": [["crop/90_3.png", "landing_page/90_3.png", 3], ["crop/90_14.png", "landing_page/90_14.png", 14], ["crop/90_17.png", "landing_page/90_17.png", 17], ["crop/90_16.png", "landing_page/90_16.png", 16], ["crop/90_19.png", "landing_page/90_19.png", 19], ["crop/90_8.png", "landing_page/90_8.png", 8], ["crop/90_6.png", "landing_page/90_6.png", 6], ["crop/90_2.png", "landing_page/90_2.png", 2], ["crop/90_4.png", "landing_page/90_4.png", 4], ["crop/90_1.png", "landing_page/90_1.png", 1], ["crop/90_18.png", "landing_page/90_18.png", 18], ["crop/90_0.png", "landing_page/90_0.png", 0], ["crop/90_13.png", "landing_page/90_13.png", 13], ["crop/90_10.png", "landing_page/90_10.png", 10], ["crop/90_9.png", "landing_page/90_9.png", 9], ["crop/90_11.png", "landing_page/90_11.png", 11], ["crop/90_12.png", "landing_page/90_12.png", 12], ["crop/90_7.png", "landing_page/90_7.png", 7], ["crop/90_5.png", "landing_page/90_5.png", 5], ["crop/90_15.png", "landing_page/90_15.png", 15]], "end_info": {"0": 1, "1": 1, "2": 1, "3": 1, "4": 5, "5": 0, "6": 0, "7": 0, "8": 0, "9": 0, "total": 4, "answer": "ji", "diff": 3, "time_stamp": {"0": 5.169860124588013, "1": 6.104700565338135, "2": 4.704674959182739, "3": 5.395151853561401, "4": 6.073890924453735}}, "bad_len": 4}, {"id": 139, "query": "\u9047\u89c1\u4f60\u7684\u7709\u773c\u5982\u6e05\u98ce\u660e\u6708\u662f\u4ec0\u4e48\u6b4c", "doc_list": [["crop/139_2.png", "landing_page/139_2.png", 2], ["crop/139_8.png", "landing_page/139_8.png", 8], ["crop/139_0.png", "landing_page/139_0.png", 0], ["crop/139_1.png", "landing_page/139_1.png", 1], ["crop/139_12.png", "landing_page/139_12.png", 12], ["crop/139_11.png", "landing_page/139_11.png", 11], ["crop/139_14.png", "landing_page/139_14.png", 14], ["crop/139_3.png", "landing_page/139_3.png", 3], ["crop/139_10.png", "landing_page/139_10.png", 10], ["crop/139_6.png", "landing_page/139_6.png", 6], ["crop/139_4.png", "landing_page/139_4.png", 4], ["crop/139_7.png", "landing_page/139_7.png", 7], ["crop/139_9.png", "landing_page/139_9.png", 9], ["crop/139_13.png", "landing_page/139_13.png", 13], ["crop/139_5.png", "landing_page/139_5.png", 5]], "end_info": {"0": 1, "1": 1, "2": 5, "3": 0, "4": 0, "5": 0, "6": 0, "7": 0, "8": 0, "9": 0, "total": 4, "answer": "\u7e41\u82b1", "diff": 4, "time_stamp": {"0": 4.598884582519531, "1": 4.608840227127075, "2": 4.781528472900391}}, "bad_len": 1}, {"id": 126, "query": "\u5929\u82b1\u5728\u54ea\u4e00\u5e74\u88ab\u6d88\u706d\u7684", "doc_list": [["crop/126_2.png", "landing_page/126_2.png", 2], ["crop/126_7.png", "landing_page/126_7.png", 7], ["crop/126_9.png", "landing_page/126_9.png", 9], ["crop/126_5.png", "landing_page/126_5.png", 5], ["crop/126_18.png", "landing_page/126_18.png", 18], ["crop/126_6.png", "landing_page/126_6.png", 6], ["crop/126_13.png", "landing_page/126_13.png", 13], ["crop/126_0.png", "landing_page/126_0.png", 0], ["crop/126_17.png", "landing_page/126_17.png", 17], ["crop/126_1.png", "landing_page/126_1.png", 1], ["crop/126_12.png", "landing_page/126_12.png", 12], ["crop/126_4.png", "landing_page/126_4.png", 4], ["crop/126_8.png", "landing_page/126_8.png", 8], ["crop/126_10.png", "landing_page/126_10.png", 10], ["crop/126_11.png", "landing_page/126_11.png", 11], ["crop/126_14.png", "landing_page/126_14.png", 14], ["crop/126_15.png", "landing_page/126_15.png", 15], ["crop/126_3.png", "landing_page/126_3.png", 3]], "end_info": {"0": 1, "1": 1, "2": 5, "3": 0, "4": 0, "5": 0, "6": 0, "7": 0, "8": 0, "9": 0, "total": 4, "answer": "1980", "diff": 4, "time_stamp": {"0": 6.289926528930664, "1": 4.384329319000244, "2": 6.161479711532593}}, "bad_len": 2}, {"id": 118, "query": "\u5316\u5b66PB\u662f\u4ec0\u4e48\u5143\u7d20", "doc_list": [["crop/118_15.png", "landing_page/118_15.png", 15], ["crop/118_6.png", "landing_page/118_6.png", 6], ["crop/118_1.png", "landing_page/118_1.png", 1], ["crop/118_2.png", "landing_page/118_2.png", 2], ["crop/118_17.png", "landing_page/118_17.png", 17], ["crop/118_7.png", "landing_page/118_7.png", 7], ["crop/118_12.png", "landing_page/118_12.png", 12], ["crop/118_16.png", "landing_page/118_16.png", 16], ["crop/118_0.png", "landing_page/118_0.png", 0], ["crop/118_9.png", "landing_page/118_9.png", 9], ["crop/118_10.png", "landing_page/118_10.png", 10], ["crop/118_14.png", "landing_page/118_14.png", 14], ["crop/118_13.png", "landing_page/118_13.png", 13], ["crop/118_4.png", "landing_page/118_4.png", 4], ["crop/118_19.png", "landing_page/118_19.png", 19], ["crop/118_18.png", "landing_page/118_18.png", 18], ["crop/118_8.png", "landing_page/118_8.png", 8], ["crop/118_3.png", "landing_page/118_3.png", 3], ["crop/118_11.png", "landing_page/118_11.png", 11]], "end_info": {"0": 2, "1": 5, "2": 0, "3": 0, "4": 0, "5": 0, "6": 0, "7": 0, "8": 0, "9": 0, "total": 4, "answer": "\u94c5", "diff": 4, "time_stamp": {"0": 10.147119045257568, "1": 4.884767770767212}}, "bad_len": 0}, {"id": 39, "query": "\u8fce\u98ce\u6d41\u6cea\u662f\u4ec0\u4e48\u539f\u56e0", "doc_list": [["crop/39_14.png", "landing_page/39_14.png", 14], ["crop/39_2.png", "landing_page/39_2.png", 2], ["crop/39_0.png", "landing_page/39_0.png", 0], ["crop/39_7.png", "landing_page/39_7.png", 7], ["crop/39_3.png", "landing_page/39_3.png", 3], ["crop/39_9.png", "landing_page/39_9.png", 9], ["crop/39_15.png", "landing_page/39_15.png", 15], ["crop/39_1.png", "landing_page/39_1.png", 1], ["crop/39_8.png", "landing_page/39_8.png", 8], ["crop/39_5.png", "landing_page/39_5.png", 5], ["crop/39_11.png", "landing_page/39_11.png", 11], ["crop/39_10.png", "landing_page/39_10.png", 10], ["crop/39_13.png", "landing_page/39_13.png", 13], ["crop/39_12.png", "landing_page/39_12.png", 12], ["crop/39_4.png", "landing_page/39_4.png", 4]], "end_info": {"0": 1, "1": 1, "2": 1, "3": 1, "4": 4, "5": 0, "6": 0, "7": 0, "8": 0, "9": 0, "total": 3, "answer": "\u6cea\u9053\u72ed\u7a84\u3001\u963b\u585e\u6216\u7ed3\u819c\u708e", "diff": 3, "time_stamp": {"0": 6.733539581298828, "1": 5.403287887573242, "2": 7.469074487686157, "3": 3.872537851333618, "4": 9.182487726211548}}, "bad_len": 0}, {"id": 5, "query": "\u5168\u56fd\u6709\u591a\u5c11\u4e2a\u53bf", "doc_list": [["crop/5_10.png", "landing_page/5_10.png", 10], ["crop/5_5.png", "landing_page/5_5.png", 5], ["crop/5_3.png", "landing_page/5_3.png", 3], ["crop/5_6.png", "landing_page/5_6.png", 6], ["crop/5_12.png", "landing_page/5_12.png", 12], ["crop/5_2.png", "landing_page/5_2.png", 2], ["crop/5_11.png", "landing_page/5_11.png", 11], ["crop/5_1.png", "landing_page/5_1.png", 1], ["crop/5_7.png", "landing_page/5_7.png", 7], ["crop/5_4.png", "landing_page/5_4.png", 4], ["crop/5_18.png", "landing_page/5_18.png", 18], ["crop/5_19.png", "landing_page/5_19.png", 19], ["crop/5_0.png", "landing_page/5_0.png", 0], ["crop/5_14.png", "landing_page/5_14.png", 14], ["crop/5_17.png", "landing_page/5_17.png", 17], ["crop/5_15.png", "landing_page/5_15.png", 15], ["crop/5_16.png", "landing_page/5_16.png", 16], ["crop/5_13.png", "landing_page/5_13.png", 13], ["crop/5_8.png", "landing_page/5_8.png", 8]], "end_info": {"0": 1, "1": 1, "2": 1, "3": 1, "4": 4, "5": 0, "6": 0, "7": 0, "8": 0, "9": 0, "total": 3, "answer": "1347", "diff": 3, "time_stamp": {"0": 5.685794830322266, "1": 3.6811330318450928, "2": 6.296741962432861, "3": 3.7336225509643555, "4": 7.466188430786133}}, "bad_len": 4}, {"id": 137, "query": "\u5341\u5830\u5c5e\u4e8e\u54ea\u4e2a\u7701\u4efd", "doc_list": [["crop/137_12.png", "landing_page/137_12.png", 12], ["crop/137_13.png", "landing_page/137_13.png", 13], ["crop/137_5.png", "landing_page/137_5.png", 5], ["crop/137_2.png", "landing_page/137_2.png", 2], ["crop/137_11.png", "landing_page/137_11.png", 11], ["crop/137_4.png", "landing_page/137_4.png", 4], ["crop/137_3.png", "landing_page/137_3.png", 3], ["crop/137_7.png", "landing_page/137_7.png", 7], ["crop/137_14.png", "landing_page/137_14.png", 14], ["crop/137_6.png", "landing_page/137_6.png", 6], ["crop/137_0.png", "landing_page/137_0.png", 0], ["crop/137_8.png", "landing_page/137_8.png", 8], ["crop/137_9.png", "landing_page/137_9.png", 9], ["crop/137_1.png", "landing_page/137_1.png", 1], ["crop/137_10.png", "landing_page/137_10.png", 10]], "end_info": {"0": 1, "1": 4, "2": 0, "3": 0, "4": 0, "5": 0, "6": 0, "7": 0, "8": 0, "9": 0, "total": 3, "answer": "\u6e56\u5317", "diff": 4, "time_stamp": {"0": 9.027689456939697, "1": 6.0923943519592285}}, "bad_len": 1}, {"id": 20, "query": "\u9521\u91d1\u662f\u4ec0\u4e48\u65f6\u5019\u88ab\u5370\u5ea6\u541e\u5e76\u7684", "doc_list": [["crop/20_6.png", "landing_page/20_6.png", 6], ["crop/20_11.png", "landing_page/20_11.png", 11], ["crop/20_18.png", "landing_page/20_18.png", 18], ["crop/20_10.png", "landing_page/20_10.png", 10], ["crop/20_4.png", "landing_page/20_4.png", 4], ["crop/20_13.png", "landing_page/20_13.png", 13], ["crop/20_16.png", "landing_page/20_16.png", 16], ["crop/20_12.png", "landing_page/20_12.png", 12], ["crop/20_0.png", "landing_page/20_0.png", 0], ["crop/20_3.png", "landing_page/20_3.png", 3], ["crop/20_1.png", "landing_page/20_1.png", 1], ["crop/20_8.png", "landing_page/20_8.png", 8], ["crop/20_2.png", "landing_page/20_2.png", 2], ["crop/20_5.png", "landing_page/20_5.png", 5], ["crop/20_7.png", "landing_page/20_7.png", 7], ["crop/20_17.png", "landing_page/20_17.png", 17], ["crop/20_14.png", "landing_page/20_14.png", 14]], "end_info": {"0": 1, "1": 1, "2": 1, "3": 4, "4": 5, "5": 0, "6": 0, "7": 0, "8": 0, "9": 0, "total": 2, "answer": "1975", "diff": 3, "time_stamp": {"0": 9.55596923828125, "1": 4.902950763702393, "2": 6.204576015472412, "3": 6.456488609313965, "4": 8.369943141937256}}, "bad_len": 3}, {"id": 1, "query": "\u4e94\u611f\u516d\u89c9\u662f\u54ea\u4e94\u611f\u516d\u89c9", "doc_list": [["crop/1_0.png", "crop/1_0.png", 0], ["crop/1_15.png", "landing_page/1_15.png", 15], ["crop/1_6.png", "landing_page/1_6.png", 6], ["crop/1_10.png", "landing_page/1_10.png", 10], ["crop/1_3.png", "landing_page/1_3.png", 3], ["crop/1_5.png", "landing_page/1_5.png", 5], ["crop/1_4.png", "landing_page/1_4.png", 4], ["crop/1_7.png", "landing_page/1_7.png", 7], ["crop/1_2.png", "landing_page/1_2.png", 2], ["crop/1_14.png", "landing_page/1_14.png", 14], ["crop/1_1.png", "landing_page/1_1.png", 1], ["crop/1_8.png", "landing_page/1_8.png", 8], ["crop/1_11.png", "landing_page/1_11.png", 11], ["crop/1_17.png", "landing_page/1_17.png", 17]], "end_info": {"0": 5, "1": 0, "2": 0, "3": 0, "4": 0, "5": 0, "6": 0, "7": 0, "8": 0, "9": 0, "total": 5, "answer": "", "diff": 4, "time_stamp": {"0": 6.267700910568237}}, "bad_len": 0}, {"id": 141, "query": "\u6700\u9ad8\u7b49\u7684\u690d\u7269\u662f\u54ea\u4e00\u7c7b", "doc_list": [["crop/141_7.png", "landing_page/141_7.png", 7], ["crop/141_12.png", "landing_page/141_12.png", 12], ["crop/141_8.png", "landing_page/141_8.png", 8], ["crop/141_5.png", "landing_page/141_5.png", 5], ["crop/141_15.png", "landing_page/141_15.png", 15], ["crop/141_14.png", "landing_page/141_14.png", 14], ["crop/141_1.png", "landing_page/141_1.png", 1], ["crop/141_9.png", "landing_page/141_9.png", 9], ["crop/141_3.png", "landing_page/141_3.png", 3], ["crop/141_6.png", "landing_page/141_6.png", 6], ["crop/141_16.png", "landing_page/141_16.png", 16], ["crop/141_0.png", "landing_page/141_0.png", 0], ["crop/141_10.png", "landing_page/141_10.png", 10], ["crop/141_11.png", "landing_page/141_11.png", 11], ["crop/141_2.png", "landing_page/141_2.png", 2]], "end_info": {"0": 1, "1": 1, "2": 1, "3": 1, "4": 2, "5": 2, "6": 2, "7": 4, "8": 0, "9": 0, "total": 1, "answer": "", "diff": 3, "time_stamp": {"0": 4.821183919906616, "1": 4.076003789901733, "2": 6.985307216644287, "3": 4.600359201431274, "4": 3.7247982025146484, "5": 4.1302924156188965, "6": 3.7465572357177734, "7": 5.47206711769104}}, "bad_len": 1}, {"id": 44, "query": "\u8475\u82b1\u7c7d\u6709\u8102\u80aa\u5417", "doc_list": [["crop/44_11.png", "landing_page/44_11.png", 11], ["crop/44_16.png", "landing_page/44_16.png", 16], ["crop/44_7.png", "landing_page/44_7.png", 7], ["crop/44_4.png", "landing_page/44_4.png", 4], ["crop/44_0.png", "landing_page/44_0.png", 0], ["crop/44_15.png", "landing_page/44_15.png", 15], ["crop/44_2.png", "landing_page/44_2.png", 2], ["crop/44_14.png", "landing_page/44_14.png", 14], ["crop/44_13.png", "landing_page/44_13.png", 13], ["crop/44_10.png", "landing_page/44_10.png", 10], ["crop/44_8.png", "landing_page/44_8.png", 8], ["crop/44_9.png", "landing_page/44_9.png", 9], ["crop/44_1.png", "landing_page/44_1.png", 1], ["crop/44_5.png", "landing_page/44_5.png", 5], ["crop/44_3.png", "landing_page/44_3.png", 3], ["crop/44_6.png", "landing_page/44_6.png", 6], ["crop/44_12.png", "landing_page/44_12.png", 12]], "end_info": {"0": 2, "1": 1, "2": 5, "3": 0, "4": 0, "5": 0, "6": 0, "7": 0, "8": 0, "9": 0, "total": 3, "answer": "\u6709", "diff": 3, "time_stamp": {"0": 7.454501390457153, "1": 3.958869695663452, "2": 4.183476448059082}}, "bad_len": 4}, {"id": 127, "query": "\u7535\u8111\u58c1\u7eb8\u600e\u4e48\u6362", "doc_list": [["crop/127_7.png", "landing_page/127_7.png", 7], ["crop/127_17.png", "landing_page/127_17.png", 17], ["crop/127_15.png", "landing_page/127_15.png", 15], ["crop/127_19.png", "landing_page/127_19.png", 19], ["crop/127_0.png", "landing_page/127_0.png", 0], ["crop/127_14.png", "landing_page/127_14.png", 14], ["crop/127_12.png", "landing_page/127_12.png", 12], ["crop/127_9.png", "landing_page/127_9.png", 9], ["crop/127_10.png", "landing_page/127_10.png", 10], ["crop/127_5.png", "landing_page/127_5.png", 5], ["crop/127_11.png", "landing_page/127_11.png", 11], ["crop/127_13.png", "landing_page/127_13.png", 13], ["crop/127_6.png", "landing_page/127_6.png", 6], ["crop/127_18.png", "landing_page/127_18.png", 18], ["crop/127_1.png", "landing_page/127_1.png", 1], ["crop/127_16.png", "landing_page/127_16.png", 16], ["crop/127_4.png", "landing_page/127_4.png", 4], ["crop/127_2.png", "landing_page/127_2.png", 2]], "end_info": {"0": 1, "1": 1, "2": 1, "3": 4, "4": 0, "5": 0, "6": 0, "7": 0, "8": 0, "9": 0, "total": 3, "answer": "", "diff": 3, "time_stamp": {"0": 4.313461065292358, "1": 5.326935291290283, "2": 3.6917781829833984, "3": 3.9408113956451416}}, "bad_len": 4}, {"id": 25, "query": "\u732b\u80fd\u5403\u69b4\u83b2\u5417", "doc_list": [["crop/25_0.png", "landing_page/25_0.png", 0], ["crop/25_15.png", "landing_page/25_15.png", 15], ["crop/25_11.png", "landing_page/25_11.png", 11], ["crop/25_8.png", "landing_page/25_8.png", 8], ["crop/25_13.png", "landing_page/25_13.png", 13], ["crop/25_10.png", "landing_page/25_10.png", 10], ["crop/25_17.png", "landing_page/25_17.png", 17], ["crop/25_18.png", "landing_page/25_18.png", 18], ["crop/25_12.png", "landing_page/25_12.png", 12], ["crop/25_19.png", "landing_page/25_19.png", 19], ["crop/25_2.png", "landing_page/25_2.png", 2], ["crop/25_5.png", "landing_page/25_5.png", 5], ["crop/25_4.png", "landing_page/25_4.png", 4], ["crop/25_6.png", "landing_page/25_6.png", 6], ["crop/25_9.png", "landing_page/25_9.png", 9], ["crop/25_14.png", "landing_page/25_14.png", 14], ["crop/25_3.png", "landing_page/25_3.png", 3], ["crop/25_1.png", "landing_page/25_1.png", 1], ["crop/25_7.png", "landing_page/25_7.png", 7]], "end_info": {"0": 5, "1": 5, "2": 0, "3": 0, "4": 0, "5": 0, "6": 0, "7": 0, "8": 0, "9": 0, "total": 5, "answer": "\u53ef\u4ee5", "diff": 5, "time_stamp": {"0": 4.100124835968018, "1": 3.8065707683563232}}, "bad_len": 0}, {"id": 7, "query": "90000\u33a1\u7b49\u4e8e\u591a\u5c11\u516c\u9877\uff1f", "doc_list": [["crop/7_17.png", "landing_page/7_17.png", 17], ["crop/7_15.png", "landing_page/7_15.png", 15], ["crop/7_0.png", "crop/7_0.png", 0], ["crop/7_5.png", "landing_page/7_5.png", 5], ["crop/7_4.png", "landing_page/7_4.png", 4], ["crop/7_19.png", "landing_page/7_19.png", 19], ["crop/7_1.png", "landing_page/7_1.png", 1], ["crop/7_18.png", "landing_page/7_18.png", 18], ["crop/7_9.png", "landing_page/7_9.png", 9], ["crop/7_12.png", "landing_page/7_12.png", 12], ["crop/7_6.png", "landing_page/7_6.png", 6], ["crop/7_3.png", "landing_page/7_3.png", 3], ["crop/7_2.png", "landing_page/7_2.png", 2], ["crop/7_8.png", "landing_page/7_8.png", 8], ["crop/7_11.png", "landing_page/7_11.png", 11], ["crop/7_10.png", "landing_page/7_10.png", 10], ["crop/7_16.png", "landing_page/7_16.png", 16], ["crop/7_13.png", "landing_page/7_13.png", 13], ["crop/7_14.png", "landing_page/7_14.png", 14]], "end_info": {"0": 2, "1": 5, "2": 0, "3": 0, "4": 0, "5": 0, "6": 0, "7": 0, "8": 0, "9": 0, "total": 4, "answer": "9", "diff": 3, "time_stamp": {"0": 4.344371795654297, "1": 6.545832395553589}}, "bad_len": 1}, {"id": 2, "query": "\u6cdb\u534e\u96c6\u56e2\u662f\u56fd\u4f01\u5417", "doc_list": [["crop/2_17.png", "landing_page/2_17.png", 17], ["crop/2_11.png", "landing_page/2_11.png", 11], ["crop/2_1.png", "landing_page/2_1.png", 1], ["crop/2_3.png", "landing_page/2_3.png", 3], ["crop/2_15.png", "landing_page/2_15.png", 15], ["crop/2_8.png", "landing_page/2_8.png", 8], ["crop/2_7.png", "landing_page/2_7.png", 7], ["crop/2_6.png", "landing_page/2_6.png", 6], ["crop/2_12.png", "landing_page/2_12.png", 12], ["crop/2_5.png", "landing_page/2_5.png", 5], ["crop/2_13.png", "landing_page/2_13.png", 13], ["crop/2_9.png", "landing_page/2_9.png", 9], ["crop/2_2.png", "landing_page/2_2.png", 2], ["crop/2_16.png", "landing_page/2_16.png", 16], ["crop/2_14.png", "landing_page/2_14.png", 14], ["crop/2_0.png", "landing_page/2_0.png", 0], ["crop/2_4.png", "landing_page/2_4.png", 4]], "end_info": {"0": 1, "1": 1, "2": 1, "3": 5, "4": 0, "5": 0, "6": 0, "7": 0, "8": 0, "9": 0, "total": 3, "answer": "\u4e0d\u662f", "diff": 3, "time_stamp": {"0": 4.081786155700684, "1": 5.259557485580444, "2": 4.381412982940674, "3": 4.284738302230835}}, "bad_len": 3}, {"id": 26, "query": "\u4e09\u70b9\u6c34\u52a0\u4e00\u4e2a\u6714\u662f\u4ec0\u4e48\u5b57\uff1f", "doc_list": [["crop/26_6.png", "landing_page/26_6.png", 6], ["crop/26_3.png", "landing_page/26_3.png", 3], ["crop/26_1.png", "landing_page/26_1.png", 1], ["crop/26_0.png", "landing_page/26_0.png", 0], ["crop/26_12.png", "landing_page/26_12.png", 12], ["crop/26_8.png", "landing_page/26_8.png", 8], ["crop/26_17.png", "landing_page/26_17.png", 17], ["crop/26_19.png", "landing_page/26_19.png", 19], ["crop/26_15.png", "landing_page/26_15.png", 15], ["crop/26_4.png", "landing_page/26_4.png", 4], ["crop/26_10.png", "landing_page/26_10.png", 10], ["crop/26_14.png", "landing_page/26_14.png", 14], ["crop/26_9.png", "landing_page/26_9.png", 9], ["crop/26_5.png", "landing_page/26_5.png", 5], ["crop/26_2.png", "landing_page/26_2.png", 2], ["crop/26_7.png", "landing_page/26_7.png", 7], ["crop/26_16.png", "landing_page/26_16.png", 16], ["crop/26_11.png", "landing_page/26_11.png", 11], ["crop/26_18.png", "landing_page/26_18.png", 18], ["crop/26_13.png", "landing_page/26_13.png", 13]], "end_info": {"0": 1, "1": 5, "2": 0, "3": 0, "4": 0, "5": 0, "6": 0, "7": 0, "8": 0, "9": 0, "total": 3, "answer": "\u6eafsu", "diff": 3, "time_stamp": {"0": 3.975402593612671, "1": 4.802826881408691}}, "bad_len": 2}, {"id": 45, "query": "\u6d6e\u529b\u4e0e\u4ec0\u4e48\u6709\u5173", "doc_list": [["crop/45_9.png", "landing_page/45_9.png", 9], ["crop/45_8.png", "landing_page/45_8.png", 8], ["crop/45_11.png", "landing_page/45_11.png", 11], ["crop/45_0.png", "landing_page/45_0.png", 0], ["crop/45_6.png", "landing_page/45_6.png", 6], ["crop/45_1.png", "landing_page/45_1.png", 1], ["crop/45_10.png", "landing_page/45_10.png", 10], ["crop/45_4.png", "landing_page/45_4.png", 4], ["crop/45_2.png", "landing_page/45_2.png", 2], ["crop/45_3.png", "landing_page/45_3.png", 3], ["crop/45_13.png", "landing_page/45_13.png", 13], ["crop/45_5.png", "landing_page/45_5.png", 5], ["crop/45_14.png", "landing_page/45_14.png", 14], ["crop/45_12.png", "landing_page/45_12.png", 12], ["crop/45_7.png", "landing_page/45_7.png", 7]], "end_info": {"0": 1, "1": 1, "2": 4, "3": 5, "4": 0, "5": 0, "6": 0, "7": 0, "8": 0, "9": 0, "total": 3, "answer": "\u6392\u5f00\u6db2\u4f53\u7684\u91cd\u529b", "diff": 3, "time_stamp": {"0": 3.844975471496582, "1": 5.269775390625, "2": 4.902431964874268, "3": 5.905677318572998}}, "bad_len": 3}, {"id": 138, "query": "\u4e00\u4e2a\u866b\u4e00\u4e2a\u4ea1\u8bfb\u4ec0\u4e48", "doc_list": [["crop/138_7.png", "landing_page/138_7.png", 7], ["crop/138_0.png", "landing_page/138_0.png", 0], ["crop/138_12.png", "landing_page/138_12.png", 12], ["crop/138_14.png", "landing_page/138_14.png", 14], ["crop/138_5.png", "landing_page/138_5.png", 5], ["crop/138_1.png", "landing_page/138_1.png", 1], ["crop/138_11.png", "landing_page/138_11.png", 11], ["crop/138_3.png", "landing_page/138_3.png", 3], ["crop/138_6.png", "landing_page/138_6.png", 6], ["crop/138_16.png", "landing_page/138_16.png", 16], ["crop/138_4.png", "landing_page/138_4.png", 4], ["crop/138_9.png", "landing_page/138_9.png", 9], ["crop/138_13.png", "landing_page/138_13.png", 13], ["crop/138_2.png", "landing_page/138_2.png", 2], ["crop/138_15.png", "landing_page/138_15.png", 15]], "end_info": {"0": 1, "1": 5, "2": 0, "3": 0, "4": 0, "5": 0, "6": 0, "7": 0, "8": 0, "9": 0, "total": 3, "answer": "meng", "diff": 4, "time_stamp": {"0": 5.142083168029785, "1": 4.289904594421387}}, "bad_len": 1}, {"id": 130, "query": "\u5c0f\u5b69\u5728\u51e0\u5c81\u6362\u7259", "doc_list": [["crop/130_8.png", "landing_page/130_8.png", 8], ["crop/130_14.png", "landing_page/130_14.png", 14], ["crop/130_11.png", "landing_page/130_11.png", 11], ["crop/130_0.png", "landing_page/130_0.png", 0], ["crop/130_13.png", "landing_page/130_13.png", 13], ["crop/130_10.png", "landing_page/130_10.png", 10], ["crop/130_5.png", "landing_page/130_5.png", 5], ["crop/130_12.png", "landing_page/130_12.png", 12], ["crop/130_4.png", "landing_page/130_4.png", 4], ["crop/130_1.png", "landing_page/130_1.png", 1], ["crop/130_6.png", "landing_page/130_6.png", 6], ["crop/130_2.png", "landing_page/130_2.png", 2], ["crop/130_7.png", "landing_page/130_7.png", 7], ["crop/130_9.png", "landing_page/130_9.png", 9], ["crop/130_3.png", "landing_page/130_3.png", 3]], "end_info": {"0": 1, "1": 4, "2": 5, "3": 0, "4": 0, "5": 0, "6": 0, "7": 0, "8": 0, "9": 0, "total": 4, "answer": "6", "diff": 3, "time_stamp": {"0": 4.426869630813599, "1": 4.255409479141235, "2": 4.283100843429565}}, "bad_len": 2}, {"id": 58, "query": "\u6469\u6258\u8f66\u53ef\u4ee5\u505c\u5728\u673a\u52a8\u8f66\u505c\u8f66\u4f4d\u4e0a\u5417", "doc_list": [["crop/58_15.png", "landing_page/58_15.png", 15], ["crop/58_9.png", "landing_page/58_9.png", 9], ["crop/58_12.png", "landing_page/58_12.png", 12], ["crop/58_2.png", "landing_page/58_2.png", 2], ["crop/58_14.png", "landing_page/58_14.png", 14], ["crop/58_17.png", "landing_page/58_17.png", 17], ["crop/58_10.png", "landing_page/58_10.png", 10], ["crop/58_3.png", "landing_page/58_3.png", 3], ["crop/58_13.png", "landing_page/58_13.png", 13], ["crop/58_5.png", "landing_page/58_5.png", 5], ["crop/58_18.png", "landing_page/58_18.png", 18], ["crop/58_0.png", "crop/58_0.png", 0], ["crop/58_8.png", "landing_page/58_8.png", 8], ["crop/58_4.png", "landing_page/58_4.png", 4], ["crop/58_7.png", "landing_page/58_7.png", 7], ["crop/58_19.png", "landing_page/58_19.png", 19], ["crop/58_16.png", "landing_page/58_16.png", 16], ["crop/58_6.png", "landing_page/58_6.png", 6], ["crop/58_1.png", "landing_page/58_1.png", 1], ["crop/58_11.png", "landing_page/58_11.png", 11]], "end_info": {"0": 1, "1": 4, "2": 5, "3": 0, "4": 0, "5": 0, "6": 0, "7": 0, "8": 0, "9": 0, "total": 4, "answer": "\u53ef", "diff": 3, "time_stamp": {"0": 5.283093690872192, "1": 4.601463556289673, "2": 4.679758310317993}}, "bad_len": 2}, {"id": 33, "query": "\u4eae\u5ea6\u6700\u9ad8\u7684\u706b\u7130\u533a\u57df\u662f\u4ec0\u4e48\u533a\uff1f", "doc_list": [["crop/33_8.png", "landing_page/33_8.png", 8], ["crop/33_9.png", "landing_page/33_9.png", 9], ["crop/33_17.png", "landing_page/33_17.png", 17], ["crop/33_7.png", "landing_page/33_7.png", 7], ["crop/33_11.png", "landing_page/33_11.png", 11], ["crop/33_16.png", "landing_page/33_16.png", 16], ["crop/33_13.png", "landing_page/33_13.png", 13], ["crop/33_18.png", "landing_page/33_18.png", 18], ["crop/33_10.png", "landing_page/33_10.png", 10], ["crop/33_15.png", "landing_page/33_15.png", 15], ["crop/33_6.png", "landing_page/33_6.png", 6], ["crop/33_5.png", "landing_page/33_5.png", 5], ["crop/33_1.png", "landing_page/33_1.png", 1], ["crop/33_12.png", "landing_page/33_12.png", 12], ["crop/33_0.png", "landing_page/33_0.png", 0], ["crop/33_14.png", "landing_page/33_14.png", 14], ["crop/33_2.png", "landing_page/33_2.png", 2], ["crop/33_4.png", "landing_page/33_4.png", 4], ["crop/33_3.png", "landing_page/33_3.png", 3]], "end_info": {"0": 1, "1": 1, "2": 4, "3": 0, "4": 0, "5": 0, "6": 0, "7": 0, "8": 0, "9": 0, "total": 4, "answer": "\u5916\u7130", "diff": 3, "time_stamp": {"0": 7.528292417526245, "1": 3.5145015716552734, "2": 4.7128894329071045}}, "bad_len": 2}, {"id": 75, "query": "\u8fde\u4e91\u6e2f\u662f\u54ea\u4e2a\u7701", "doc_list": [["crop/75_18.png", "landing_page/75_18.png", 18], ["crop/75_17.png", "landing_page/75_17.png", 17], ["crop/75_16.png", "landing_page/75_16.png", 16], ["crop/75_0.png", "landing_page/75_0.png", 0], ["crop/75_4.png", "landing_page/75_4.png", 4], ["crop/75_12.png", "landing_page/75_12.png", 12], ["crop/75_6.png", "landing_page/75_6.png", 6], ["crop/75_2.png", "landing_page/75_2.png", 2], ["crop/75_9.png", "landing_page/75_9.png", 9], ["crop/75_14.png", "landing_page/75_14.png", 14], ["crop/75_3.png", "landing_page/75_3.png", 3], ["crop/75_11.png", "landing_page/75_11.png", 11], ["crop/75_15.png", "landing_page/75_15.png", 15], ["crop/75_7.png", "landing_page/75_7.png", 7], ["crop/75_1.png", "landing_page/75_1.png", 1], ["crop/75_13.png", "landing_page/75_13.png", 13], ["crop/75_8.png", "landing_page/75_8.png", 8]], "end_info": {"0": 5, "1": 0, "2": 0, "3": 0, "4": 0, "5": 0, "6": 0, "7": 0, "8": 0, "9": 0, "total": 5, "answer": "\u6c5f\u82cf", "diff": 3, "time_stamp": {"0": 5.7340452671051025}}, "bad_len": 3}, {"id": 88, "query": "\u7f51\u7ea2\u4e66\u5e97\u82f1\u8bed", "doc_list": [["crop/88_0.png", "crop/88_0.png", 0], ["crop/88_1.png", "landing_page/88_1.png", 1], ["crop/88_7.png", "landing_page/88_7.png", 7], ["crop/88_2.png", "landing_page/88_2.png", 2], ["crop/88_10.png", "landing_page/88_10.png", 10], ["crop/88_9.png", "landing_page/88_9.png", 9], ["crop/88_15.png", "landing_page/88_15.png", 15], ["crop/88_5.png", "landing_page/88_5.png", 5], ["crop/88_11.png", "landing_page/88_11.png", 11], ["crop/88_17.png", "landing_page/88_17.png", 17], ["crop/88_12.png", "landing_page/88_12.png", 12], ["crop/88_18.png", "landing_page/88_18.png", 18], ["crop/88_6.png", "landing_page/88_6.png", 6], ["crop/88_8.png", "landing_page/88_8.png", 8], ["crop/88_3.png", "landing_page/88_3.png", 3], ["crop/88_14.png", "landing_page/88_14.png", 14], ["crop/88_16.png", "landing_page/88_16.png", 16], ["crop/88_13.png", "landing_page/88_13.png", 13], ["crop/88_4.png", "landing_page/88_4.png", 4]], "end_info": {"0": 5, "1": 0, "2": 0, "3": 0, "4": 0, "5": 0, "6": 0, "7": 0, "8": 0, "9": 0, "total": 5, "answer": "online celebrity bookstore", "diff": 5, "time_stamp": {"0": 5.840566158294678}}, "bad_len": 0}, {"id": 34, "query": "\u4e5d\u4e00\u516b\u4e8b\u53d8\u53d1\u751f\u4e8e\u54ea\u4e00\u5e74", "doc_list": [["crop/34_14.png", "landing_page/34_14.png", 14], ["crop/34_3.png", "landing_page/34_3.png", 3], ["crop/34_13.png", "landing_page/34_13.png", 13], ["crop/34_6.png", "landing_page/34_6.png", 6], ["crop/34_11.png", "landing_page/34_11.png", 11], ["crop/34_17.png", "landing_page/34_17.png", 17], ["crop/34_15.png", "landing_page/34_15.png", 15], ["crop/34_0.png", "landing_page/34_0.png", 0], ["crop/34_8.png", "landing_page/34_8.png", 8], ["crop/34_1.png", "landing_page/34_1.png", 1], ["crop/34_16.png", "landing_page/34_16.png", 16], ["crop/34_4.png", "landing_page/34_4.png", 4], ["crop/34_9.png", "landing_page/34_9.png", 9], ["crop/34_7.png", "landing_page/34_7.png", 7], ["crop/34_12.png", "landing_page/34_12.png", 12], ["crop/34_2.png", "landing_page/34_2.png", 2]], "end_info": {"0": 1, "1": 1, "2": 1, "3": 2, "4": 5, "5": 0, "6": 0, "7": 0, "8": 0, "9": 0, "total": 2, "answer": "1931", "diff": 4, "time_stamp": {"0": 3.8437325954437256, "1": 3.5635986328125, "2": 3.5618669986724854, "3": 5.383263111114502, "4": 4.085574626922607}}, "bad_len": 4}, {"id": 66, "query": "\u91cc\u7ea6\u5c5e\u4e8e\u54ea\u4e2a\u56fd\u5bb6", "doc_list": [["crop/66_5.png", "landing_page/66_5.png", 5], ["crop/66_16.png", "landing_page/66_16.png", 16], ["crop/66_2.png", "landing_page/66_2.png", 2], ["crop/66_10.png", "landing_page/66_10.png", 10], ["crop/66_9.png", "landing_page/66_9.png", 9], ["crop/66_17.png", "landing_page/66_17.png", 17], ["crop/66_1.png", "landing_page/66_1.png", 1], ["crop/66_11.png", "landing_page/66_11.png", 11], ["crop/66_6.png", "landing_page/66_6.png", 6], ["crop/66_7.png", "landing_page/66_7.png", 7], ["crop/66_0.png", "landing_page/66_0.png", 0], ["crop/66_14.png", "landing_page/66_14.png", 14], ["crop/66_13.png", "landing_page/66_13.png", 13], ["crop/66_8.png", "landing_page/66_8.png", 8], ["crop/66_15.png", "landing_page/66_15.png", 15]], "end_info": {"0": 1, "1": 1, "2": 5, "3": 0, "4": 0, "5": 0, "6": 0, "7": 0, "8": 0, "9": 0, "total": 3, "answer": "\u5df4\u897f", "diff": 3, "time_stamp": {"0": 6.769941329956055, "1": 3.82146954536438, "2": 8.412222862243652}}, "bad_len": 2}, {"id": 31, "query": "\u70e7\u7ed3\u666e\u901a\u7816\u7684\u6807\u51c6\u5c3a\u5bf8\u662f\u591a\u5c11", "doc_list": [["crop/31_9.png", "landing_page/31_9.png", 9], ["crop/31_1.png", "landing_page/31_1.png", 1], ["crop/31_5.png", "landing_page/31_5.png", 5], ["crop/31_0.png", "landing_page/31_0.png", 0], ["crop/31_16.png", "landing_page/31_16.png", 16], ["crop/31_3.png", "landing_page/31_3.png", 3], ["crop/31_14.png", "landing_page/31_14.png", 14], ["crop/31_13.png", "landing_page/31_13.png", 13], ["crop/31_8.png", "landing_page/31_8.png", 8], ["crop/31_4.png", "landing_page/31_4.png", 4], ["crop/31_12.png", "landing_page/31_12.png", 12], ["crop/31_15.png", "landing_page/31_15.png", 15], ["crop/31_11.png", "landing_page/31_11.png", 11], ["crop/31_19.png", "landing_page/31_19.png", 19], ["crop/31_2.png", "landing_page/31_2.png", 2], ["crop/31_7.png", "landing_page/31_7.png", 7], ["crop/31_6.png", "landing_page/31_6.png", 6], ["crop/31_18.png", "landing_page/31_18.png", 18], ["crop/31_10.png", "landing_page/31_10.png", 10]], "end_info": {"0": 1, "1": 1, "2": 1, "3": 5, "4": 0, "5": 0, "6": 0, "7": 0, "8": 0, "9": 0, "total": 3, "answer": "", "diff": 4, "time_stamp": {"0": 4.268904209136963, "1": 5.071490287780762, "2": 3.873948812484741, "3": 5.177839517593384}}, "bad_len": 3}, {"id": 103, "query": "\u8d22\u52a1\u7ba1\u7406\u7684\u4e24\u5927\u4ef7\u503c\u89c2\u5ff5\u662f\u4ec0\u4e48", "doc_list": [["crop/103_5.png", "landing_page/103_5.png", 5], ["crop/103_11.png", "landing_page/103_11.png", 11], ["crop/103_0.png", "landing_page/103_0.png", 0], ["crop/103_15.png", "landing_page/103_15.png", 15], ["crop/103_12.png", "landing_page/103_12.png", 12], ["crop/103_8.png", "landing_page/103_8.png", 8], ["crop/103_4.png", "landing_page/103_4.png", 4], ["crop/103_9.png", "landing_page/103_9.png", 9], ["crop/103_3.png", "landing_page/103_3.png", 3], ["crop/103_6.png", "landing_page/103_6.png", 6], ["crop/103_14.png", "landing_page/103_14.png", 14], ["crop/103_10.png", "landing_page/103_10.png", 10], ["crop/103_13.png", "landing_page/103_13.png", 13], ["crop/103_7.png", "landing_page/103_7.png", 7], ["crop/103_1.png", "landing_page/103_1.png", 1], ["crop/103_16.png", "landing_page/103_16.png", 16], ["crop/103_2.png", "landing_page/103_2.png", 2]], "end_info": {"0": 1, "1": 1, "2": 1, "3": 1, "4": 1, "5": 1, "6": 1, "7": 1, "8": 1, "9": 5, "total": 1, "answer": "", "diff": 3, "time_stamp": {"0": 4.623865127563477, "1": 5.360506534576416, "2": 3.7452850341796875, "3": 4.072704553604126, "4": 8.410326719284058, "5": 3.5511462688446045, "6": 6.657879829406738, "7": 3.7834508419036865, "8": 3.6705918312072754, "9": 7.4728779792785645}}, "bad_len": 2}, {"id": 134, "query": "\u56e2\u65d7\u7684\u6807\u51c6\u5c3a\u5bf8\u6709\u591a\u5c11\u79cd", "doc_list": [["crop/134_3.png", "landing_page/134_3.png", 3], ["crop/134_9.png", "landing_page/134_9.png", 9], ["crop/134_8.png", "landing_page/134_8.png", 8], ["crop/134_15.png", "landing_page/134_15.png", 15], ["crop/134_1.png", "landing_page/134_1.png", 1], ["crop/134_4.png", "landing_page/134_4.png", 4], ["crop/134_12.png", "landing_page/134_12.png", 12], ["crop/134_11.png", "landing_page/134_11.png", 11], ["crop/134_0.png", "landing_page/134_0.png", 0], ["crop/134_7.png", "landing_page/134_7.png", 7], ["crop/134_14.png", "landing_page/134_14.png", 14], ["crop/134_10.png", "landing_page/134_10.png", 10], ["crop/134_6.png", "landing_page/134_6.png", 6], ["crop/134_2.png", "landing_page/134_2.png", 2], ["crop/134_13.png", "landing_page/134_13.png", 13]], "end_info": {"0": 1, "1": 1, "2": 1, "3": 1, "4": 5, "5": 0, "6": 0, "7": 0, "8": 0, "9": 0, "total": 3, "answer": "3", "diff": 3, "time_stamp": {"0": 4.749857425689697, "1": 3.506537914276123, "2": 3.4202468395233154, "3": 3.478025197982788, "4": 4.441177606582642}}, "bad_len": 4}, {"id": 142, "query": "\u706d\u8757\u8981\u5c3d\u53ef\u80fd\u5728\u8757\u866b\u7684\u4ec0\u4e48\u671f\u8fdb\u884c", "doc_list": [["crop/142_10.png", "landing_page/142_10.png", 10], ["crop/142_4.png", "landing_page/142_4.png", 4], ["crop/142_0.png", "landing_page/142_0.png", 0], ["crop/142_9.png", "landing_page/142_9.png", 9], ["crop/142_7.png", "landing_page/142_7.png", 7], ["crop/142_12.png", "landing_page/142_12.png", 12], ["crop/142_15.png", "landing_page/142_15.png", 15], ["crop/142_3.png", "landing_page/142_3.png", 3], ["crop/142_6.png", "landing_page/142_6.png", 6], ["crop/142_5.png", "landing_page/142_5.png", 5], ["crop/142_11.png", "landing_page/142_11.png", 11], ["crop/142_8.png", "landing_page/142_8.png", 8], ["crop/142_13.png", "landing_page/142_13.png", 13], ["crop/142_14.png", "landing_page/142_14.png", 14], ["crop/142_2.png", "landing_page/142_2.png", 2]], "end_info": {"0": 1, "1": 4, "2": 5, "3": 0, "4": 0, "5": 0, "6": 0, "7": 0, "8": 0, "9": 0, "total": 4, "answer": "\u5e7c\u866b\u671f", "diff": 4, "time_stamp": {"0": 5.306397914886475, "1": 3.63207745552063, "2": 3.7370853424072266}}, "bad_len": 1}, {"id": 22, "query": "\u767e\u6155\u5927\u4e09\u89d2\u4f4d\u4e8e\u54ea\u91cc", "doc_list": [["crop/22_13.png", "landing_page/22_13.png", 13], ["crop/22_4.png", "landing_page/22_4.png", 4], ["crop/22_6.png", "landing_page/22_6.png", 6], ["crop/22_16.png", "landing_page/22_16.png", 16], ["crop/22_10.png", "landing_page/22_10.png", 10], ["crop/22_1.png", "landing_page/22_1.png", 1], ["crop/22_11.png", "landing_page/22_11.png", 11], ["crop/22_2.png", "landing_page/22_2.png", 2], ["crop/22_15.png", "landing_page/22_15.png", 15], ["crop/22_9.png", "landing_page/22_9.png", 9], ["crop/22_0.png", "landing_page/22_0.png", 0], ["crop/22_7.png", "landing_page/22_7.png", 7], ["crop/22_17.png", "landing_page/22_17.png", 17], ["crop/22_8.png", "landing_page/22_8.png", 8]], "end_info": {"0": 1, "1": 1, "2": 4, "3": 1, "4": 4, "5": 5, "6": 0, "7": 0, "8": 0, "9": 0, "total": 3, "answer": "", "diff": 3, "time_stamp": {"0": 29.05927038192749, "1": 3.7559003829956055, "2": 6.677764177322388, "3": 3.809068441390991, "4": 8.699064016342163, "5": 6.124349355697632}}, "bad_len": 4}, {"id": 74, "query": "\u4e00\u6b21\u6027\u996d\u76d2\u53ef\u4ee5\u653e\u5fae\u6ce2\u7089\u5417", "doc_list": [["crop/74_5.png", "landing_page/74_5.png", 5], ["crop/74_11.png", "landing_page/74_11.png", 11], ["crop/74_13.png", "landing_page/74_13.png", 13], ["crop/74_12.png", "landing_page/74_12.png", 12], ["crop/74_7.png", "landing_page/74_7.png", 7], ["crop/74_0.png", "landing_page/74_0.png", 0], ["crop/74_2.png", "landing_page/74_2.png", 2], ["crop/74_9.png", "landing_page/74_9.png", 9], ["crop/74_3.png", "landing_page/74_3.png", 3], ["crop/74_14.png", "landing_page/74_14.png", 14], ["crop/74_6.png", "landing_page/74_6.png", 6], ["crop/74_8.png", "landing_page/74_8.png", 8], ["crop/74_1.png", "landing_page/74_1.png", 1], ["crop/74_15.png", "landing_page/74_15.png", 15], ["crop/74_10.png", "landing_page/74_10.png", 10]], "end_info": {"0": 1, "1": 1, "2": 1, "3": 1, "4": 1, "5": 1, "6": 4, "7": 0, "8": 0, "9": 0, "total": 3, "answer": "\u6709\u7684\u53ef\u4ee5", "diff": 3, "time_stamp": {"0": 4.187958717346191, "1": 3.9187216758728027, "2": 4.004712104797363, "3": 3.688512086868286, "4": 3.8760344982147217, "5": 6.087747097015381, "6": 4.057724952697754}}, "bad_len": 4}, {"id": 83, "query": "\u6b63\u4e49\u8054\u76df\u4f1a\u51fa\u7b2c\u4e8c\u90e8\u5417", "doc_list": [["crop/83_3.png", "landing_page/83_3.png", 3], ["crop/83_5.png", "landing_page/83_5.png", 5], ["crop/83_13.png", "landing_page/83_13.png", 13], ["crop/83_6.png", "landing_page/83_6.png", 6], ["crop/83_8.png", "landing_page/83_8.png", 8], ["crop/83_4.png", "landing_page/83_4.png", 4], ["crop/83_2.png", "landing_page/83_2.png", 2], ["crop/83_0.png", "landing_page/83_0.png", 0], ["crop/83_9.png", "landing_page/83_9.png", 9], ["crop/83_7.png", "landing_page/83_7.png", 7], ["crop/83_16.png", "landing_page/83_16.png", 16], ["crop/83_10.png", "landing_page/83_10.png", 10], ["crop/83_15.png", "landing_page/83_15.png", 15], ["crop/83_11.png", "landing_page/83_11.png", 11], ["crop/83_12.png", "landing_page/83_12.png", 12]], "end_info": {"0": 1, "1": 1, "2": 1, "3": 1, "4": 1, "5": 1, "6": 1, "7": 5, "8": 1, "9": 0, "total": 3, "answer": "\u4f1a", "diff": 2, "time_stamp": {"0": 4.263283967971802, "1": 3.957488775253296, "2": 5.5178446769714355, "3": 3.9576992988586426, "4": 4.246888160705566, "5": 4.061015605926514, "6": 4.168638706207275, "7": 4.110180377960205, "8": 4.030646562576294}}, "bad_len": 0}, {"id": 13, "query": "\u8d8a\u5171\u662f\u4ec0\u4e48\u6897", "doc_list": [["crop/13_0.png", "landing_page/13_0.png", 0], ["crop/13_1.png", "landing_page/13_1.png", 1], ["crop/13_12.png", "landing_page/13_12.png", 12], ["crop/13_18.png", "landing_page/13_18.png", 18], ["crop/13_17.png", "landing_page/13_17.png", 17], ["crop/13_14.png", "landing_page/13_14.png", 14], ["crop/13_13.png", "landing_page/13_13.png", 13], ["crop/13_16.png", "landing_page/13_16.png", 16], ["crop/13_5.png", "landing_page/13_5.png", 5], ["crop/13_10.png", "landing_page/13_10.png", 10], ["crop/13_7.png", "landing_page/13_7.png", 7], ["crop/13_8.png", "landing_page/13_8.png", 8], ["crop/13_2.png", "landing_page/13_2.png", 2], ["crop/13_15.png", "landing_page/13_15.png", 15], ["crop/13_11.png", "landing_page/13_11.png", 11], ["crop/13_4.png", "landing_page/13_4.png", 4], ["crop/13_3.png", "landing_page/13_3.png", 3], ["crop/13_19.png", "landing_page/13_19.png", 19], ["crop/13_9.png", "landing_page/13_9.png", 9], ["crop/13_6.png", "landing_page/13_6.png", 6]], "end_info": {"0": 1, "1": 1, "2": 1, "3": 1, "4": 1, "5": 1, "6": 1, "7": 1, "8": 1, "9": 1, "total": 2, "answer": "\u8d8a\u6218\u65f6\u5357\u8d8a\u6e38\u51fb\u961f", "diff": 3, "time_stamp": {"0": 8.355508804321289, "1": 5.726664781570435, "2": 3.5758886337280273, "3": 3.6988778114318848, "4": 3.8905606269836426, "5": 27.867438077926636, "6": 4.1480584144592285, "7": 3.903491258621216, "8": 3.7156732082366943, "9": 3.964984893798828}}, "bad_len": 0}, {"id": 63, "query": "\u7535\u8111\u9ea6\u514b\u98ce\u6ca1\u58f0\u97f3\u600e\u4e48\u529e", "doc_list": [["crop/63_4.png", "landing_page/63_4.png", 4], ["crop/63_15.png", "landing_page/63_15.png", 15], ["crop/63_7.png", "landing_page/63_7.png", 7], ["crop/63_0.png", "landing_page/63_0.png", 0], ["crop/63_2.png", "landing_page/63_2.png", 2], ["crop/63_8.png", "landing_page/63_8.png", 8], ["crop/63_1.png", "landing_page/63_1.png", 1], ["crop/63_5.png", "landing_page/63_5.png", 5], ["crop/63_19.png", "landing_page/63_19.png", 19], ["crop/63_16.png", "landing_page/63_16.png", 16], ["crop/63_3.png", "landing_page/63_3.png", 3], ["crop/63_18.png", "landing_page/63_18.png", 18], ["crop/63_17.png", "landing_page/63_17.png", 17], ["crop/63_14.png", "landing_page/63_14.png", 14], ["crop/63_6.png", "landing_page/63_6.png", 6]], "end_info": {"0": 5, "1": 0, "2": 0, "3": 0, "4": 0, "5": 0, "6": 0, "7": 0, "8": 0, "9": 0, "total": 5, "answer": "", "diff": 5, "time_stamp": {"0": 16.11978578567505}}, "bad_len": 0}, {"id": 14, "query": "1\u82f1\u91cc\u7b49\u4e8e\u591a\u5c11\u516c\u91cc", "doc_list": [["crop/14_4.png", "landing_page/14_4.png", 4], ["crop/14_16.png", "landing_page/14_16.png", 16], ["crop/14_3.png", "landing_page/14_3.png", 3], ["crop/14_10.png", "landing_page/14_10.png", 10], ["crop/14_13.png", "landing_page/14_13.png", 13], ["crop/14_9.png", "landing_page/14_9.png", 9], ["crop/14_2.png", "landing_page/14_2.png", 2], ["crop/14_18.png", "landing_page/14_18.png", 18], ["crop/14_7.png", "landing_page/14_7.png", 7], ["crop/14_11.png", "landing_page/14_11.png", 11], ["crop/14_17.png", "landing_page/14_17.png", 17], ["crop/14_12.png", "landing_page/14_12.png", 12], ["crop/14_8.png", "landing_page/14_8.png", 8], ["crop/14_0.png", "crop/14_0.png", 0], ["crop/14_6.png", "landing_page/14_6.png", 6], ["crop/14_15.png", "landing_page/14_15.png", 15], ["crop/14_14.png", "landing_page/14_14.png", 14], ["crop/14_1.png", "landing_page/14_1.png", 1], ["crop/14_5.png", "landing_page/14_5.png", 5]], "end_info": {"0": 1, "1": 1, "2": 5, "3": 0, "4": 0, "5": 0, "6": 0, "7": 0, "8": 0, "9": 0, "total": 4, "answer": "1.60934398", "diff": 5, "time_stamp": {"0": 3.720787286758423, "1": 4.071570634841919, "2": 4.159900188446045}}, "bad_len": 2}, {"id": 57, "query": "\u7535\u8111ip\u5730\u5740\u600e\u4e48\u770b", "doc_list": [["crop/57_14.png", "landing_page/57_14.png", 14], ["crop/57_15.png", "landing_page/57_15.png", 15], ["crop/57_0.png", "landing_page/57_0.png", 0], ["crop/57_4.png", "landing_page/57_4.png", 4], ["crop/57_5.png", "landing_page/57_5.png", 5], ["crop/57_19.png", "landing_page/57_19.png", 19], ["crop/57_17.png", "landing_page/57_17.png", 17], ["crop/57_8.png", "landing_page/57_8.png", 8], ["crop/57_2.png", "landing_page/57_2.png", 2], ["crop/57_1.png", "landing_page/57_1.png", 1], ["crop/57_12.png", "landing_page/57_12.png", 12], ["crop/57_3.png", "landing_page/57_3.png", 3], ["crop/57_16.png", "landing_page/57_16.png", 16], ["crop/57_9.png", "landing_page/57_9.png", 9], ["crop/57_18.png", "landing_page/57_18.png", 18], ["crop/57_10.png", "landing_page/57_10.png", 10], ["crop/57_7.png", "landing_page/57_7.png", 7], ["crop/57_13.png", "landing_page/57_13.png", 13], ["crop/57_6.png", "landing_page/57_6.png", 6], ["crop/57_11.png", "landing_page/57_11.png", 11]], "end_info": {}, "bad_len": 2}, {"id": 92, "query": "\u7ec8\u4e8e\u7b49\u5230\u4f60,\u8fd8\u597d\u6211\u6ca1\u653e\u5f03\u662f\u4ec0\u4e48\u6b4c", "doc_list": [["crop/92_2.png", "landing_page/92_2.png", 2], ["crop/92_8.png", "landing_page/92_8.png", 8], ["crop/92_6.png", "landing_page/92_6.png", 6], ["crop/92_5.png", "landing_page/92_5.png", 5], ["crop/92_0.png", "landing_page/92_0.png", 0], ["crop/92_4.png", "landing_page/92_4.png", 4], ["crop/92_15.png", "landing_page/92_15.png", 15], ["crop/92_12.png", "landing_page/92_12.png", 12], ["crop/92_14.png", "landing_page/92_14.png", 14], ["crop/92_11.png", "landing_page/92_11.png", 11], ["crop/92_10.png", "landing_page/92_10.png", 10], ["crop/92_3.png", "landing_page/92_3.png", 3], ["crop/92_1.png", "landing_page/92_1.png", 1], ["crop/92_9.png", "landing_page/92_9.png", 9], ["crop/92_13.png", "landing_page/92_13.png", 13]], "end_info": {}, "bad_len": 3}, {"id": 48, "query": "excel\u600e\u4e48\u6362\u884c\u5728\u540c\u4e00\u5355\u5143\u683c\u5185", "doc_list": [["crop/48_0.png", "landing_page/48_0.png", 0], ["crop/48_3.png", "landing_page/48_3.png", 3], ["crop/48_6.png", "landing_page/48_6.png", 6], ["crop/48_7.png", "landing_page/48_7.png", 7], ["crop/48_1.png", "landing_page/48_1.png", 1], ["crop/48_11.png", "landing_page/48_11.png", 11], ["crop/48_14.png", "landing_page/48_14.png", 14], ["crop/48_5.png", "landing_page/48_5.png", 5], ["crop/48_4.png", "landing_page/48_4.png", 4], ["crop/48_13.png", "landing_page/48_13.png", 13], ["crop/48_9.png", "landing_page/48_9.png", 9], ["crop/48_12.png", "landing_page/48_12.png", 12], ["crop/48_2.png", "landing_page/48_2.png", 2], ["crop/48_8.png", "landing_page/48_8.png", 8], ["crop/48_15.png", "landing_page/48_15.png", 15]], "end_info": {}, "bad_len": 0}, {"id": 23, "query": "include\u82f1\u8bed\u662f\u4ec0\u4e48\u610f\u601d", "doc_list": [["crop/23_2.png", "landing_page/23_2.png", 2], ["crop/23_8.png", "landing_page/23_8.png", 8], ["crop/23_10.png", "landing_page/23_10.png", 10], ["crop/23_0.png", "crop/23_0.png", 0], ["crop/23_15.png", "landing_page/23_15.png", 15], ["crop/23_11.png", "landing_page/23_11.png", 11], ["crop/23_13.png", "landing_page/23_13.png", 13], ["crop/23_18.png", "landing_page/23_18.png", 18], ["crop/23_17.png", "landing_page/23_17.png", 17], ["crop/23_6.png", "landing_page/23_6.png", 6], ["crop/23_1.png", "landing_page/23_1.png", 1], ["crop/23_9.png", "landing_page/23_9.png", 9], ["crop/23_4.png", "landing_page/23_4.png", 4], ["crop/23_7.png", "landing_page/23_7.png", 7], ["crop/23_12.png", "landing_page/23_12.png", 12], ["crop/23_16.png", "landing_page/23_16.png", 16], ["crop/23_14.png", "landing_page/23_14.png", 14], ["crop/23_5.png", "landing_page/23_5.png", 5]], "end_info": {}, "bad_len": 3}, {"id": 30, "query": "\u6cf5\u9001\u548c\u975e\u6cf5\u9001\u6307\u7684\u662f\u4ec0\u4e48", "doc_list": [["crop/30_17.png", "landing_page/30_17.png", 17], ["crop/30_18.png", "landing_page/30_18.png", 18], ["crop/30_9.png", "landing_page/30_9.png", 9], ["crop/30_3.png", "landing_page/30_3.png", 3], ["crop/30_12.png", "landing_page/30_12.png", 12], ["crop/30_14.png", "landing_page/30_14.png", 14], ["crop/30_15.png", "landing_page/30_15.png", 15], ["crop/30_0.png", "landing_page/30_0.png", 0], ["crop/30_1.png", "landing_page/30_1.png", 1], ["crop/30_7.png", "landing_page/30_7.png", 7], ["crop/30_5.png", "landing_page/30_5.png", 5], ["crop/30_13.png", "landing_page/30_13.png", 13], ["crop/30_6.png", "landing_page/30_6.png", 6], ["crop/30_4.png", "landing_page/30_4.png", 4], ["crop/30_16.png", "landing_page/30_16.png", 16], ["crop/30_19.png", "landing_page/30_19.png", 19], ["crop/30_2.png", "landing_page/30_2.png", 2], ["crop/30_10.png", "landing_page/30_10.png", 10], ["crop/30_8.png", "landing_page/30_8.png", 8], ["crop/30_11.png", "landing_page/30_11.png", 11]], "end_info": {}, "bad_len": 4}, {"id": 78, "query": "\u70df\u96e8\u5165\u6c5f\u5357\u662f\u4ec0\u4e48\u6b4c", "doc_list": [["crop/78_10.png", "landing_page/78_10.png", 10], ["crop/78_3.png", "landing_page/78_3.png", 3], ["crop/78_11.png", "landing_page/78_11.png", 11], ["crop/78_12.png", "landing_page/78_12.png", 12], ["crop/78_8.png", "landing_page/78_8.png", 8], ["crop/78_15.png", "landing_page/78_15.png", 15], ["crop/78_14.png", "landing_page/78_14.png", 14], ["crop/78_13.png", "landing_page/78_13.png", 13], ["crop/78_5.png", "landing_page/78_5.png", 5], ["crop/78_6.png", "landing_page/78_6.png", 6], ["crop/78_18.png", "landing_page/78_18.png", 18], ["crop/78_1.png", "landing_page/78_1.png", 1], ["crop/78_4.png", "landing_page/78_4.png", 4], ["crop/78_0.png", "landing_page/78_0.png", 0], ["crop/78_16.png", "landing_page/78_16.png", 16], ["crop/78_9.png", "landing_page/78_9.png", 9], ["crop/78_2.png", "landing_page/78_2.png", 2], ["crop/78_19.png", "landing_page/78_19.png", 19], ["crop/78_17.png", "landing_page/78_17.png", 17]], "end_info": {}, "bad_len": 1}, {"id": 40, "query": "we\u4e16\u754c\u51a0\u519b\u662f\u4ec0\u4e48\u6bd4\u8d5b", "doc_list": [["crop/40_4.png", "landing_page/40_4.png", 4], ["crop/40_8.png", "landing_page/40_8.png", 8], ["crop/40_9.png", "landing_page/40_9.png", 9], ["crop/40_5.png", "landing_page/40_5.png", 5], ["crop/40_12.png", "landing_page/40_12.png", 12], ["crop/40_0.png", "landing_page/40_0.png", 0], ["crop/40_13.png", "landing_page/40_13.png", 13], ["crop/40_14.png", "landing_page/40_14.png", 14], ["crop/40_2.png", "landing_page/40_2.png", 2], ["crop/40_7.png", "landing_page/40_7.png", 7], ["crop/40_10.png", "landing_page/40_10.png", 10], ["crop/40_11.png", "landing_page/40_11.png", 11], ["crop/40_3.png", "landing_page/40_3.png", 3], ["crop/40_6.png", "landing_page/40_6.png", 6], ["crop/40_1.png", "landing_page/40_1.png", 1]], "end_info": {}, "bad_len": 2}, {"id": 65, "query": "\u52a0\u62ff\u5927\u4f7f\u7528\u591a\u5c11\u7535\u538b", "doc_list": [["crop/65_6.png", "landing_page/65_6.png", 6], ["crop/65_17.png", "landing_page/65_17.png", 17], ["crop/65_2.png", "landing_page/65_2.png", 2], ["crop/65_15.png", "landing_page/65_15.png", 15], ["crop/65_7.png", "landing_page/65_7.png", 7], ["crop/65_16.png", "landing_page/65_16.png", 16], ["crop/65_18.png", "landing_page/65_18.png", 18], ["crop/65_5.png", "landing_page/65_5.png", 5], ["crop/65_10.png", "landing_page/65_10.png", 10], ["crop/65_1.png", "landing_page/65_1.png", 1], ["crop/65_11.png", "landing_page/65_11.png", 11], ["crop/65_19.png", "landing_page/65_19.png", 19], ["crop/65_9.png", "landing_page/65_9.png", 9], ["crop/65_3.png", "landing_page/65_3.png", 3], ["crop/65_13.png", "landing_page/65_13.png", 13], ["crop/65_8.png", "landing_page/65_8.png", 8], ["crop/65_12.png", "landing_page/65_12.png", 12], ["crop/65_0.png", "landing_page/65_0.png", 0]], "end_info": {}, "bad_len": 2}, {"id": 54, "query": "\u7f51\u6613\u4e91\u542c\u6b4c\u8bc6\u66f2\u5728\u54ea\u91cc", "doc_list": [["crop/54_14.png", "landing_page/54_14.png", 14], ["crop/54_5.png", "landing_page/54_5.png", 5], ["crop/54_4.png", "landing_page/54_4.png", 4], ["crop/54_13.png", "landing_page/54_13.png", 13], ["crop/54_10.png", "landing_page/54_10.png", 10], ["crop/54_3.png", "landing_page/54_3.png", 3], ["crop/54_0.png", "landing_page/54_0.png", 0], ["crop/54_8.png", "landing_page/54_8.png", 8], ["crop/54_1.png", "landing_page/54_1.png", 1], ["crop/54_7.png", "landing_page/54_7.png", 7], ["crop/54_12.png", "landing_page/54_12.png", 12], ["crop/54_2.png", "landing_page/54_2.png", 2], ["crop/54_9.png", "landing_page/54_9.png", 9], ["crop/54_6.png", "landing_page/54_6.png", 6], ["crop/54_11.png", "landing_page/54_11.png", 11]], "end_info": {}, "bad_len": 4}, {"id": 97, "query": "etc\u672a\u6fc0\u6d3b\u600e\u4e48\u6ce8\u9500", "doc_list": [["crop/97_1.png", "landing_page/97_1.png", 1], ["crop/97_0.png", "landing_page/97_0.png", 0], ["crop/97_5.png", "landing_page/97_5.png", 5], ["crop/97_6.png", "landing_page/97_6.png", 6], ["crop/97_3.png", "landing_page/97_3.png", 3], ["crop/97_7.png", "landing_page/97_7.png", 7], ["crop/97_11.png", "landing_page/97_11.png", 11], ["crop/97_12.png", "landing_page/97_12.png", 12], ["crop/97_14.png", "landing_page/97_14.png", 14], ["crop/97_13.png", "landing_page/97_13.png", 13], ["crop/97_9.png", "landing_page/97_9.png", 9], ["crop/97_4.png", "landing_page/97_4.png", 4], ["crop/97_10.png", "landing_page/97_10.png", 10], ["crop/97_2.png", "landing_page/97_2.png", 2], ["crop/97_15.png", "landing_page/97_15.png", 15]], "end_info": {}, "bad_len": 1}, {"id": 140, "query": "\u5236\u4f5c\u9178\u5976\u7684\u662f\u4ec0\u4e48\u83cc", "doc_list": [["crop/140_5.png", "landing_page/140_5.png", 5], ["crop/140_14.png", "landing_page/140_14.png", 14], ["crop/140_3.png", "landing_page/140_3.png", 3], ["crop/140_15.png", "landing_page/140_15.png", 15], ["crop/140_9.png", "landing_page/140_9.png", 9], ["crop/140_7.png", "landing_page/140_7.png", 7], ["crop/140_6.png", "landing_page/140_6.png", 6], ["crop/140_4.png", "landing_page/140_4.png", 4], ["crop/140_2.png", "landing_page/140_2.png", 2], ["crop/140_13.png", "landing_page/140_13.png", 13], ["crop/140_0.png", "landing_page/140_0.png", 0], ["crop/140_12.png", "landing_page/140_12.png", 12], ["crop/140_10.png", "landing_page/140_10.png", 10], ["crop/140_11.png", "landing_page/140_11.png", 11], ["crop/140_1.png", "landing_page/140_1.png", 1]], "end_info": {}, "bad_len": 4}, {"id": 55, "query": "4\u670819\u65e5\u662f\u4ec0\u4e48\u661f\u5ea7", "doc_list": [["crop/55_12.png", "landing_page/55_12.png", 12], ["crop/55_11.png", "landing_page/55_11.png", 11], ["crop/55_8.png", "landing_page/55_8.png", 8], ["crop/55_2.png", "landing_page/55_2.png", 2], ["crop/55_13.png", "landing_page/55_13.png", 13], ["crop/55_3.png", "landing_page/55_3.png", 3], ["crop/55_7.png", "landing_page/55_7.png", 7], ["crop/55_1.png", "landing_page/55_1.png", 1], ["crop/55_5.png", "landing_page/55_5.png", 5], ["crop/55_9.png", "landing_page/55_9.png", 9], ["crop/55_6.png", "landing_page/55_6.png", 6], ["crop/55_14.png", "landing_page/55_14.png", 14], ["crop/55_0.png", "landing_page/55_0.png", 0], ["crop/55_10.png", "landing_page/55_10.png", 10], ["crop/55_4.png", "landing_page/55_4.png", 4]], "end_info": {}, "bad_len": 0}, {"id": 64, "query": "\u4f17\u5fd7\u6210\u57ce\u662f\u4ec0\u4e48\u610f\u601d", "doc_list": [["crop/64_8.png", "landing_page/64_8.png", 8], ["crop/64_1.png", "landing_page/64_1.png", 1], ["crop/64_15.png", "landing_page/64_15.png", 15], ["crop/64_7.png", "landing_page/64_7.png", 7], ["crop/64_11.png", "landing_page/64_11.png", 11], ["crop/64_10.png", "landing_page/64_10.png", 10], ["crop/64_9.png", "landing_page/64_9.png", 9], ["crop/64_0.png", "landing_page/64_0.png", 0], ["crop/64_2.png", "landing_page/64_2.png", 2], ["crop/64_4.png", "landing_page/64_4.png", 4], ["crop/64_18.png", "landing_page/64_18.png", 18], ["crop/64_17.png", "landing_page/64_17.png", 17], ["crop/64_3.png", "landing_page/64_3.png", 3], ["crop/64_13.png", "landing_page/64_13.png", 13], ["crop/64_14.png", "landing_page/64_14.png", 14]], "end_info": {}, "bad_len": 0}, {"id": 109, "query": "\u5c0a\u656c\u7528\u82f1\u8bed\u600e\u4e48\u8bf4", "doc_list": [["crop/109_2.png", "landing_page/109_2.png", 2], ["crop/109_5.png", "landing_page/109_5.png", 5], ["crop/109_11.png", "landing_page/109_11.png", 11], ["crop/109_10.png", "landing_page/109_10.png", 10], ["crop/109_6.png", "landing_page/109_6.png", 6], ["crop/109_9.png", "landing_page/109_9.png", 9], ["crop/109_12.png", "landing_page/109_12.png", 12], ["crop/109_4.png", "landing_page/109_4.png", 4], ["crop/109_13.png", "landing_page/109_13.png", 13], ["crop/109_3.png", "landing_page/109_3.png", 3], ["crop/109_1.png", "landing_page/109_1.png", 1], ["crop/109_7.png", "landing_page/109_7.png", 7], ["crop/109_14.png", "landing_page/109_14.png", 14], ["crop/109_8.png", "landing_page/109_8.png", 8], ["crop/109_0.png", "", 0]], "end_info": {}, "bad_len": 4}, {"id": 101, "query": "\u767d\u6d0b\u6dc0\u5728\u54ea\u91cc", "doc_list": [["crop/101_2.png", "landing_page/101_2.png", 2], ["crop/101_5.png", "landing_page/101_5.png", 5], ["crop/101_15.png", "landing_page/101_15.png", 15], ["crop/101_8.png", "landing_page/101_8.png", 8], ["crop/101_17.png", "landing_page/101_17.png", 17], ["crop/101_12.png", "landing_page/101_12.png", 12], ["crop/101_7.png", "landing_page/101_7.png", 7], ["crop/101_9.png", "landing_page/101_9.png", 9], ["crop/101_6.png", "landing_page/101_6.png", 6], ["crop/101_11.png", "landing_page/101_11.png", 11], ["crop/101_1.png", "landing_page/101_1.png", 1], ["crop/101_18.png", "landing_page/101_18.png", 18], ["crop/101_14.png", "landing_page/101_14.png", 14], ["crop/101_0.png", "landing_page/101_0.png", 0], ["crop/101_13.png", "landing_page/101_13.png", 13], ["crop/101_3.png", "landing_page/101_3.png", 3], ["crop/101_10.png", "landing_page/101_10.png", 10], ["crop/101_4.png", "landing_page/101_4.png", 4]], "end_info": {}, "bad_len": 4}, {"id": 98, "query": "\u82cf\u95e8\u7b54\u814a\u5c9b\u662f\u54ea\u4e2a\u56fd\u5bb6", "doc_list": [["crop/98_14.png", "landing_page/98_14.png", 14], ["crop/98_4.png", "landing_page/98_4.png", 4], ["crop/98_5.png", "landing_page/98_5.png", 5], ["crop/98_11.png", "landing_page/98_11.png", 11], ["crop/98_2.png", "landing_page/98_2.png", 2], ["crop/98_6.png", "landing_page/98_6.png", 6], ["crop/98_7.png", "landing_page/98_7.png", 7], ["crop/98_12.png", "landing_page/98_12.png", 12], ["crop/98_9.png", "landing_page/98_9.png", 9], ["crop/98_0.png", "landing_page/98_0.png", 0], ["crop/98_8.png", "landing_page/98_8.png", 8], ["crop/98_1.png", "landing_page/98_1.png", 1], ["crop/98_13.png", "landing_page/98_13.png", 13], ["crop/98_3.png", "landing_page/98_3.png", 3], ["crop/98_10.png", "landing_page/98_10.png", 10]], "end_info": {}, "bad_len": 3}, {"id": 143, "query": "\u5236\u4f5c\u8461\u8404\u9152\u7684\u662f\u4ec0\u4e48\u83cc", "doc_list": [["crop/143_3.png", "landing_page/143_3.png", 3], ["crop/143_12.png", "landing_page/143_12.png", 12], ["crop/143_2.png", "landing_page/143_2.png", 2], ["crop/143_6.png", "landing_page/143_6.png", 6], ["crop/143_0.png", "landing_page/143_0.png", 0], ["crop/143_4.png", "landing_page/143_4.png", 4], ["crop/143_8.png", "landing_page/143_8.png", 8], ["crop/143_9.png", "landing_page/143_9.png", 9], ["crop/143_11.png", "landing_page/143_11.png", 11], ["crop/143_7.png", "landing_page/143_7.png", 7], ["crop/143_1.png", "landing_page/143_1.png", 1], ["crop/143_5.png", "landing_page/143_5.png", 5], ["crop/143_13.png", "landing_page/143_13.png", 13], ["crop/143_10.png", "landing_page/143_10.png", 10], ["crop/143_14.png", "landing_page/143_14.png", 14]], "end_info": {}, "bad_len": 1}, {"id": 27, "query": "1\u4e07\u6cf0\u94e2\u662f\u591a\u5c11\u7f8e\u91d1", "doc_list": [["crop/27_6.png", "landing_page/27_6.png", 6], ["crop/27_0.png", "crop/27_0.png", 0], ["crop/27_1.png", "landing_page/27_1.png", 1], ["crop/27_11.png", "landing_page/27_11.png", 11], ["crop/27_16.png", "landing_page/27_16.png", 16], ["crop/27_17.png", "landing_page/27_17.png", 17], ["crop/27_12.png", "landing_page/27_12.png", 12], ["crop/27_3.png", "landing_page/27_3.png", 3], ["crop/27_9.png", "landing_page/27_9.png", 9], ["crop/27_14.png", "landing_page/27_14.png", 14], ["crop/27_15.png", "landing_page/27_15.png", 15], ["crop/27_2.png", "landing_page/27_2.png", 2], ["crop/27_10.png", "landing_page/27_10.png", 10], ["crop/27_7.png", "landing_page/27_7.png", 7], ["crop/27_13.png", "landing_page/27_13.png", 13], ["crop/27_4.png", "landing_page/27_4.png", 4], ["crop/27_8.png", "landing_page/27_8.png", 8]], "end_info": {}, "bad_len": 1}, {"id": 136, "query": "\u7530\u52a0\u4e01\u600e\u4e48\u8bfb", "doc_list": [["crop/136_7.png", "landing_page/136_7.png", 7], ["crop/136_0.png", "landing_page/136_0.png", 0], ["crop/136_11.png", "landing_page/136_11.png", 11], ["crop/136_13.png", "landing_page/136_13.png", 13], ["crop/136_5.png", "landing_page/136_5.png", 5], ["crop/136_14.png", "landing_page/136_14.png", 14], ["crop/136_8.png", "landing_page/136_8.png", 8], ["crop/136_12.png", "landing_page/136_12.png", 12], ["crop/136_3.png", "landing_page/136_3.png", 3], ["crop/136_1.png", "landing_page/136_1.png", 1], ["crop/136_6.png", "landing_page/136_6.png", 6], ["crop/136_4.png", "landing_page/136_4.png", 4], ["crop/136_2.png", "landing_page/136_2.png", 2], ["crop/136_10.png", "landing_page/136_10.png", 10], ["crop/136_9.png", "landing_page/136_9.png", 9]], "end_info": {}, "bad_len": 1}, {"id": 99, "query": "\u5fae\u4fe1\u7fa4\u600e\u4e48\u62cd\u4e00\u62cd", "doc_list": [["crop/99_6.png", "landing_page/99_6.png", 6], ["crop/99_8.png", "landing_page/99_8.png", 8], ["crop/99_12.png", "landing_page/99_12.png", 12], ["crop/99_3.png", "landing_page/99_3.png", 3], ["crop/99_4.png", "landing_page/99_4.png", 4], ["crop/99_13.png", "landing_page/99_13.png", 13], ["crop/99_1.png", "landing_page/99_1.png", 1], ["crop/99_14.png", "landing_page/99_14.png", 14], ["crop/99_10.png", "landing_page/99_10.png", 10], ["crop/99_7.png", "landing_page/99_7.png", 7], ["crop/99_2.png", "landing_page/99_2.png", 2], ["crop/99_0.png", "landing_page/99_0.png", 0], ["crop/99_5.png", "landing_page/99_5.png", 5], ["crop/99_11.png", "landing_page/99_11.png", 11], ["crop/99_9.png", "landing_page/99_9.png", 9]], "end_info": {}, "bad_len": 1}, {"id": 24, "query": "\u5fc6\u541b\u5fc3\u4f3c\u897f\u6c5f\u6c34 \u65e5\u591c\u4e1c\u6d41\u65e0\u6b47\u662f\u4ec0\u4e48\u610f\u601d", "doc_list": [["crop/24_0.png", "landing_page/24_0.png", 0], ["crop/24_19.png", "landing_page/24_19.png", 19], ["crop/24_18.png", "landing_page/24_18.png", 18], ["crop/24_12.png", "landing_page/24_12.png", 12], ["crop/24_13.png", "landing_page/24_13.png", 13], ["crop/24_5.png", "landing_page/24_5.png", 5], ["crop/24_17.png", "landing_page/24_17.png", 17], ["crop/24_11.png", "landing_page/24_11.png", 11], ["crop/24_9.png", "landing_page/24_9.png", 9], ["crop/24_14.png", "landing_page/24_14.png", 14], ["crop/24_4.png", "landing_page/24_4.png", 4], ["crop/24_7.png", "landing_page/24_7.png", 7], ["crop/24_10.png", "landing_page/24_10.png", 10], ["crop/24_1.png", "landing_page/24_1.png", 1], ["crop/24_6.png", "landing_page/24_6.png", 6], ["crop/24_3.png", "landing_page/24_3.png", 3], ["crop/24_16.png", "landing_page/24_16.png", 16], ["crop/24_8.png", "landing_page/24_8.png", 8], ["crop/24_15.png", "landing_page/24_15.png", 15]], "end_info": {}, "bad_len": 0}, {"id": 16, "query": "\u7701\u8f96\u5e02\u548c\u5730\u7ea7\u5e02\u54ea\u4e2a\u5927", "doc_list": [["crop/16_0.png", "landing_page/16_0.png", 0], ["crop/16_7.png", "landing_page/16_7.png", 7], ["crop/16_17.png", "landing_page/16_17.png", 17], ["crop/16_9.png", "landing_page/16_9.png", 9], ["crop/16_2.png", "landing_page/16_2.png", 2], ["crop/16_16.png", "landing_page/16_16.png", 16], ["crop/16_10.png", "landing_page/16_10.png", 10], ["crop/16_6.png", "landing_page/16_6.png", 6], ["crop/16_11.png", "landing_page/16_11.png", 11], ["crop/16_5.png", "landing_page/16_5.png", 5], ["crop/16_4.png", "landing_page/16_4.png", 4], ["crop/16_12.png", "landing_page/16_12.png", 12], ["crop/16_8.png", "landing_page/16_8.png", 8], ["crop/16_14.png", "landing_page/16_14.png", 14], ["crop/16_13.png", "landing_page/16_13.png", 13], ["crop/16_1.png", "landing_page/16_1.png", 1], ["crop/16_3.png", "landing_page/16_3.png", 3], ["crop/16_15.png", "landing_page/16_15.png", 15]], "end_info": {}, "bad_len": 0}, {"id": 35, "query": "\u4e00\u4e2a\u5b8c\u6574\u7684\u6d4b\u91cf\u7cfb\u7edf\u7531\u4f20\u611f\u5143\u4ef6\u4ec0\u4e48\u7ec4\u6210", "doc_list": [["crop/35_10.png", "landing_page/35_10.png", 10], ["crop/35_5.png", "landing_page/35_5.png", 5], ["crop/35_3.png", "landing_page/35_3.png", 3], ["crop/35_12.png", "landing_page/35_12.png", 12], ["crop/35_0.png", "landing_page/35_0.png", 0], ["crop/35_14.png", "landing_page/35_14.png", 14], ["crop/35_7.png", "landing_page/35_7.png", 7], ["crop/35_17.png", "landing_page/35_17.png", 17], ["crop/35_4.png", "landing_page/35_4.png", 4], ["crop/35_9.png", "landing_page/35_9.png", 9], ["crop/35_11.png", "landing_page/35_11.png", 11], ["crop/35_8.png", "landing_page/35_8.png", 8], ["crop/35_16.png", "landing_page/35_16.png", 16], ["crop/35_13.png", "landing_page/35_13.png", 13], ["crop/35_2.png", "landing_page/35_2.png", 2], ["crop/35_15.png", "landing_page/35_15.png", 15], ["crop/35_18.png", "landing_page/35_18.png", 18], ["crop/35_6.png", "landing_page/35_6.png", 6], ["crop/35_1.png", "landing_page/35_1.png", 1]], "end_info": {}, "bad_len": 2}, {"id": 89, "query": "\u4e00\u4e2a\u6bcf\u4e00\u4e2a\u5ddf\u5ff5\u4ec0\u4e48", "doc_list": [["crop/89_18.png", "landing_page/89_18.png", 18], ["crop/89_14.png", "landing_page/89_14.png", 14], ["crop/89_15.png", "landing_page/89_15.png", 15], ["crop/89_13.png", "landing_page/89_13.png", 13], ["crop/89_1.png", "landing_page/89_1.png", 1], ["crop/89_5.png", "landing_page/89_5.png", 5], ["crop/89_0.png", "crop/89_0.png", 0], ["crop/89_6.png", "landing_page/89_6.png", 6], ["crop/89_12.png", "landing_page/89_12.png", 12], ["crop/89_8.png", "landing_page/89_8.png", 8], ["crop/89_11.png", "landing_page/89_11.png", 11], ["crop/89_19.png", "landing_page/89_19.png", 19], ["crop/89_4.png", "landing_page/89_4.png", 4], ["crop/89_3.png", "landing_page/89_3.png", 3], ["crop/89_10.png", "landing_page/89_10.png", 10], ["crop/89_9.png", "landing_page/89_9.png", 9]], "end_info": {}, "bad_len": 4}, {"id": 135, "query": "\u6211\u56fd\u65b0\u65f6\u671f\u519c\u6751\u6276\u8d2b\u5f00\u53d1\u7684\u603b\u4f53\u76ee\u6807\u662f\u4ec0\u4e48", "doc_list": [["crop/135_15.png", "landing_page/135_15.png", 15], ["crop/135_13.png", "landing_page/135_13.png", 13], ["crop/135_8.png", "landing_page/135_8.png", 8], ["crop/135_6.png", "landing_page/135_6.png", 6], ["crop/135_4.png", "landing_page/135_4.png", 4], ["crop/135_7.png", "landing_page/135_7.png", 7], ["crop/135_12.png", "landing_page/135_12.png", 12], ["crop/135_11.png", "landing_page/135_11.png", 11], ["crop/135_3.png", "landing_page/135_3.png", 3], ["crop/135_0.png", "landing_page/135_0.png", 0], ["crop/135_14.png", "landing_page/135_14.png", 14], ["crop/135_1.png", "landing_page/135_1.png", 1], ["crop/135_5.png", "landing_page/135_5.png", 5], ["crop/135_9.png", "landing_page/135_9.png", 9], ["crop/135_2.png", "landing_page/135_2.png", 2]], "end_info": {}, "bad_len": 3}, {"id": 3, "query": "\u515a\u7ec4\u7ec7\u8ba8\u8bba\u51b3\u5b9a\u95ee\u9898\u5fc5\u987b\u6267\u884c\u4ec0\u4e48\u7684\u539f\u5219", "doc_list": [["crop/3_1.png", "landing_page/3_1.png", 1], ["crop/3_11.png", "landing_page/3_11.png", 11], ["crop/3_19.png", "landing_page/3_19.png", 19], ["crop/3_18.png", "landing_page/3_18.png", 18], ["crop/3_13.png", "landing_page/3_13.png", 13], ["crop/3_17.png", "landing_page/3_17.png", 17], ["crop/3_10.png", "landing_page/3_10.png", 10], ["crop/3_2.png", "landing_page/3_2.png", 2], ["crop/3_12.png", "landing_page/3_12.png", 12], ["crop/3_16.png", "landing_page/3_16.png", 16], ["crop/3_6.png", "landing_page/3_6.png", 6], ["crop/3_15.png", "landing_page/3_15.png", 15], ["crop/3_4.png", "landing_page/3_4.png", 4], ["crop/3_0.png", "landing_page/3_0.png", 0], ["crop/3_8.png", "landing_page/3_8.png", 8], ["crop/3_9.png", "landing_page/3_9.png", 9], ["crop/3_7.png", "landing_page/3_7.png", 7], ["crop/3_3.png", "landing_page/3_3.png", 3], ["crop/3_5.png", "landing_page/3_5.png", 5]], "end_info": {}, "bad_len": 4}, {"id": 110, "query": "\u5168\u9009\u662fctrl\u52a0\u4ec0\u4e48", "doc_list": [["crop/110_17.png", "landing_page/110_17.png", 17], ["crop/110_1.png", "landing_page/110_1.png", 1], ["crop/110_2.png", "landing_page/110_2.png", 2], ["crop/110_3.png", "landing_page/110_3.png", 3], ["crop/110_9.png", "landing_page/110_9.png", 9], ["crop/110_8.png", "landing_page/110_8.png", 8], ["crop/110_19.png", "landing_page/110_19.png", 19], ["crop/110_11.png", "landing_page/110_11.png", 11], ["crop/110_16.png", "landing_page/110_16.png", 16], ["crop/110_14.png", "landing_page/110_14.png", 14], ["crop/110_5.png", "landing_page/110_5.png", 5], ["crop/110_15.png", "landing_page/110_15.png", 15], ["crop/110_13.png", "landing_page/110_13.png", 13], ["crop/110_6.png", "landing_page/110_6.png", 6], ["crop/110_4.png", "landing_page/110_4.png", 4], ["crop/110_10.png", "landing_page/110_10.png", 10], ["crop/110_18.png", "landing_page/110_18.png", 18], ["crop/110_0.png", "landing_page/110_0.png", 0], ["crop/110_7.png", "landing_page/110_7.png", 7], ["crop/110_12.png", "landing_page/110_12.png", 12]], "end_info": {}, "bad_len": 2}, {"id": 113, "query": "\u4e00\u4e2a\u6570\u7684\u8d1f\u4e00\u6b21\u65b9\u7b49\u4e8e\u591a\u5c11", "doc_list": [["crop/113_9.png", "landing_page/113_9.png", 9], ["crop/113_7.png", "landing_page/113_7.png", 7], ["crop/113_6.png", "landing_page/113_6.png", 6], ["crop/113_0.png", "landing_page/113_0.png", 0], ["crop/113_18.png", "landing_page/113_18.png", 18], ["crop/113_4.png", "landing_page/113_4.png", 4], ["crop/113_2.png", "landing_page/113_2.png", 2], ["crop/113_15.png", "landing_page/113_15.png", 15], ["crop/113_17.png", "landing_page/113_17.png", 17], ["crop/113_16.png", "landing_page/113_16.png", 16], ["crop/113_8.png", "landing_page/113_8.png", 8], ["crop/113_19.png", "landing_page/113_19.png", 19], ["crop/113_3.png", "landing_page/113_3.png", 3], ["crop/113_12.png", "landing_page/113_12.png", 12], ["crop/113_5.png", "landing_page/113_5.png", 5], ["crop/113_1.png", "landing_page/113_1.png", 1], ["crop/113_14.png", "landing_page/113_14.png", 14], ["crop/113_13.png", "landing_page/113_13.png", 13], ["crop/113_11.png", "landing_page/113_11.png", 11], ["crop/113_10.png", "landing_page/113_10.png", 10]], "end_info": {}, "bad_len": 3}, {"id": 38, "query": "\u5357\u4eac\u73e0\u6c5f\u8def\u5730\u94c1\u7ad9\u662f\u51e0\u53f7\u7ebf", "doc_list": [["crop/38_7.png", "landing_page/38_7.png", 7], ["crop/38_19.png", "landing_page/38_19.png", 19], ["crop/38_11.png", "landing_page/38_11.png", 11], ["crop/38_10.png", "landing_page/38_10.png", 10], ["crop/38_5.png", "landing_page/38_5.png", 5], ["crop/38_16.png", "landing_page/38_16.png", 16], ["crop/38_14.png", "landing_page/38_14.png", 14], ["crop/38_13.png", "landing_page/38_13.png", 13], ["crop/38_15.png", "landing_page/38_15.png", 15], ["crop/38_4.png", "landing_page/38_4.png", 4], ["crop/38_8.png", "landing_page/38_8.png", 8], ["crop/38_3.png", "landing_page/38_3.png", 3], ["crop/38_2.png", "landing_page/38_2.png", 2], ["crop/38_18.png", "landing_page/38_18.png", 18], ["crop/38_12.png", "landing_page/38_12.png", 12], ["crop/38_1.png", "landing_page/38_1.png", 1], ["crop/38_0.png", "landing_page/38_0.png", 0], ["crop/38_9.png", "landing_page/38_9.png", 9], ["crop/38_17.png", "landing_page/38_17.png", 17], ["crop/38_6.png", "landing_page/38_6.png", 6]], "end_info": {}, "bad_len": 3}, {"id": 133, "query": "\u70eb\u4f24\u540e\u6d82\u7259\u818f\u6709\u7528\u5417", "doc_list": [["crop/133_1.png", "landing_page/133_1.png", 1], ["crop/133_13.png", "landing_page/133_13.png", 13], ["crop/133_16.png", "landing_page/133_16.png", 16], ["crop/133_0.png", "landing_page/133_0.png", 0], ["crop/133_12.png", "landing_page/133_12.png", 12], ["crop/133_8.png", "landing_page/133_8.png", 8], ["crop/133_10.png", "landing_page/133_10.png", 10], ["crop/133_5.png", "landing_page/133_5.png", 5], ["crop/133_7.png", "landing_page/133_7.png", 7], ["crop/133_6.png", "landing_page/133_6.png", 6], ["crop/133_2.png", "landing_page/133_2.png", 2], ["crop/133_4.png", "landing_page/133_4.png", 4], ["crop/133_14.png", "landing_page/133_14.png", 14], ["crop/133_11.png", "landing_page/133_11.png", 11], ["crop/133_9.png", "landing_page/133_9.png", 9], ["crop/133_3.png", "landing_page/133_3.png", 3], ["crop/133_15.png", "landing_page/133_15.png", 15]], "end_info": {}, "bad_len": 3}, {"id": 100, "query": "\u62a2\u52ab\u7f6a\u6700\u4f4e\u5224\u591a\u5c11\u5e74", "doc_list": [["crop/100_5.png", "landing_page/100_5.png", 5], ["crop/100_10.png", "landing_page/100_10.png", 10], ["crop/100_13.png", "landing_page/100_13.png", 13], ["crop/100_12.png", "landing_page/100_12.png", 12], ["crop/100_7.png", "landing_page/100_7.png", 7], ["crop/100_8.png", "landing_page/100_8.png", 8], ["crop/100_3.png", "landing_page/100_3.png", 3], ["crop/100_9.png", "landing_page/100_9.png", 9], ["crop/100_11.png", "landing_page/100_11.png", 11], ["crop/100_0.png", "landing_page/100_0.png", 0], ["crop/100_15.png", "landing_page/100_15.png", 15], ["crop/100_4.png", "landing_page/100_4.png", 4], ["crop/100_14.png", "landing_page/100_14.png", 14], ["crop/100_2.png", "landing_page/100_2.png", 2], ["crop/100_1.png", "landing_page/100_1.png", 1]], "end_info": {}, "bad_len": 4}, {"id": 41, "query": "\u96e8\u5b57\u5934\u52a0\u9f50\u5ff5\u4ec0\u4e48", "doc_list": [["crop/41_9.png", "landing_page/41_9.png", 9], ["crop/41_11.png", "landing_page/41_11.png", 11], ["crop/41_2.png", "landing_page/41_2.png", 2], ["crop/41_14.png", "landing_page/41_14.png", 14], ["crop/41_4.png", "landing_page/41_4.png", 4], ["crop/41_6.png", "landing_page/41_6.png", 6], ["crop/41_7.png", "landing_page/41_7.png", 7], ["crop/41_16.png", "landing_page/41_16.png", 16], ["crop/41_0.png", "landing_page/41_0.png", 0], ["crop/41_17.png", "landing_page/41_17.png", 17], ["crop/41_10.png", "landing_page/41_10.png", 10], ["crop/41_18.png", "landing_page/41_18.png", 18], ["crop/41_3.png", "landing_page/41_3.png", 3], ["crop/41_8.png", "landing_page/41_8.png", 8], ["crop/41_1.png", "landing_page/41_1.png", 1], ["crop/41_19.png", "landing_page/41_19.png", 19], ["crop/41_13.png", "landing_page/41_13.png", 13], ["crop/41_15.png", "landing_page/41_15.png", 15], ["crop/41_5.png", "landing_page/41_5.png", 5], ["crop/41_12.png", "landing_page/41_12.png", 12]], "end_info": {}, "bad_len": 2}, {"id": 18, "query": "\u559c\u9a6c\u62c9\u96c5\u5c71\u5c5e\u4e8e\u54ea\u4e2a\u56fd\u5bb6", "doc_list": [["crop/18_0.png", "landing_page/18_0.png", 0], ["crop/18_2.png", "landing_page/18_2.png", 2], ["crop/18_13.png", "landing_page/18_13.png", 13], ["crop/18_1.png", "landing_page/18_1.png", 1], ["crop/18_11.png", "landing_page/18_11.png", 11], ["crop/18_3.png", "landing_page/18_3.png", 3], ["crop/18_5.png", "landing_page/18_5.png", 5], ["crop/18_14.png", "landing_page/18_14.png", 14], ["crop/18_6.png", "landing_page/18_6.png", 6], ["crop/18_7.png", "landing_page/18_7.png", 7], ["crop/18_8.png", "landing_page/18_8.png", 8], ["crop/18_12.png", "landing_page/18_12.png", 12], ["crop/18_4.png", "landing_page/18_4.png", 4], ["crop/18_9.png", "landing_page/18_9.png", 9], ["crop/18_10.png", "landing_page/18_10.png", 10]], "end_info": {}, "bad_len": 0}, {"id": 146, "query": "word\u53ea\u663e\u793a\u53ea\u8bfb\u6a21\u5f0f\u600e\u4e48\u6539", "doc_list": [["crop/146_13.png", "landing_page/146_13.png", 13], ["crop/146_7.png", "landing_page/146_7.png", 7], ["crop/146_14.png", "landing_page/146_14.png", 14], ["crop/146_0.png", "landing_page/146_0.png", 0], ["crop/146_5.png", "landing_page/146_5.png", 5], ["crop/146_8.png", "landing_page/146_8.png", 8], ["crop/146_2.png", "landing_page/146_2.png", 2], ["crop/146_9.png", "landing_page/146_9.png", 9], ["crop/146_10.png", "landing_page/146_10.png", 10], ["crop/146_1.png", "landing_page/146_1.png", 1], ["crop/146_4.png", "landing_page/146_4.png", 4], ["crop/146_6.png", "landing_page/146_6.png", 6], ["crop/146_3.png", "landing_page/146_3.png", 3], ["crop/146_12.png", "landing_page/146_12.png", 12], ["crop/146_11.png", "landing_page/146_11.png", 11]], "end_info": {}, "bad_len": 3}, {"id": 47, "query": "\u4f0a\u53bb\u6389\u4eba\u5ff5\u4ec0\u4e48", "doc_list": [["crop/47_14.png", "landing_page/47_14.png", 14], ["crop/47_5.png", "landing_page/47_5.png", 5], ["crop/47_16.png", "landing_page/47_16.png", 16], ["crop/47_3.png", "landing_page/47_3.png", 3], ["crop/47_1.png", "landing_page/47_1.png", 1], ["crop/47_6.png", "landing_page/47_6.png", 6], ["crop/47_11.png", "landing_page/47_11.png", 11], ["crop/47_17.png", "landing_page/47_17.png", 17], ["crop/47_7.png", "landing_page/47_7.png", 7], ["crop/47_15.png", "landing_page/47_15.png", 15], ["crop/47_2.png", "landing_page/47_2.png", 2], ["crop/47_13.png", "landing_page/47_13.png", 13], ["crop/47_4.png", "landing_page/47_4.png", 4], ["crop/47_0.png", "crop/47_0.png", 0], ["crop/47_9.png", "landing_page/47_9.png", 9], ["crop/47_19.png", "landing_page/47_19.png", 19], ["crop/47_10.png", "landing_page/47_10.png", 10], ["crop/47_8.png", "landing_page/47_8.png", 8], ["crop/47_18.png", "landing_page/47_18.png", 18]], "end_info": {}, "bad_len": 4}, {"id": 36, "query": "\u6807\u51c6\u8282\u6d41\u88c5\u7f6e\u5305\u62ec\u54ea\u51e0\u90e8\u5206\uff1f", "doc_list": [["crop/36_2.png", "landing_page/36_2.png", 2], ["crop/36_15.png", "landing_page/36_15.png", 15], ["crop/36_8.png", "landing_page/36_8.png", 8], ["crop/36_14.png", "landing_page/36_14.png", 14], ["crop/36_0.png", "crop/36_0.png", 0], ["crop/36_7.png", "landing_page/36_7.png", 7], ["crop/36_9.png", "landing_page/36_9.png", 9], ["crop/36_1.png", "landing_page/36_1.png", 1], ["crop/36_3.png", "landing_page/36_3.png", 3], ["crop/36_18.png", "landing_page/36_18.png", 18], ["crop/36_4.png", "landing_page/36_4.png", 4], ["crop/36_11.png", "landing_page/36_11.png", 11], ["crop/36_5.png", "landing_page/36_5.png", 5], ["crop/36_13.png", "landing_page/36_13.png", 13], ["crop/36_10.png", "landing_page/36_10.png", 10], ["crop/36_17.png", "landing_page/36_17.png", 17], ["crop/36_16.png", "landing_page/36_16.png", 16], ["crop/36_12.png", "landing_page/36_12.png", 12], ["crop/36_6.png", "landing_page/36_6.png", 6]], "end_info": {}, "bad_len": 4}, {"id": 28, "query": "\u534e\u4e3a\u624b\u673a\u600e\u4e48\u622a\u56fe", "doc_list": [["crop/28_6.png", "landing_page/28_6.png", 6], ["crop/28_12.png", "landing_page/28_12.png", 12], ["crop/28_16.png", "landing_page/28_16.png", 16], ["crop/28_0.png", "landing_page/28_0.png", 0], ["crop/28_8.png", "landing_page/28_8.png", 8], ["crop/28_1.png", "landing_page/28_1.png", 1], ["crop/28_9.png", "landing_page/28_9.png", 9], ["crop/28_13.png", "landing_page/28_13.png", 13], ["crop/28_4.png", "landing_page/28_4.png", 4], ["crop/28_10.png", "landing_page/28_10.png", 10], ["crop/28_14.png", "landing_page/28_14.png", 14], ["crop/28_5.png", "landing_page/28_5.png", 5], ["crop/28_2.png", "landing_page/28_2.png", 2], ["crop/28_15.png", "landing_page/28_15.png", 15], ["crop/28_11.png", "landing_page/28_11.png", 11]], "end_info": {}, "bad_len": 3}, {"id": 150, "query": "\u53f0\u5f0f\u7535\u8111\u7684\u4eae\u5ea6\u600e\u4e48\u8c03", "doc_list": [["crop/150_7.png", "landing_page/150_7.png", 7], ["crop/150_10.png", "landing_page/150_10.png", 10], ["crop/150_14.png", "landing_page/150_14.png", 14], ["crop/150_0.png", "landing_page/150_0.png", 0], ["crop/150_11.png", "landing_page/150_11.png", 11], ["crop/150_2.png", "landing_page/150_2.png", 2], ["crop/150_4.png", "landing_page/150_4.png", 4], ["crop/150_9.png", "landing_page/150_9.png", 9], ["crop/150_13.png", "landing_page/150_13.png", 13], ["crop/150_3.png", "landing_page/150_3.png", 3], ["crop/150_1.png", "landing_page/150_1.png", 1], ["crop/150_5.png", "landing_page/150_5.png", 5], ["crop/150_6.png", "landing_page/150_6.png", 6], ["crop/150_12.png", "landing_page/150_12.png", 12], ["crop/150_8.png", "landing_page/150_8.png", 8]], "end_info": {}, "bad_len": 3}, {"id": 12, "query": "\u7f8e\u56fd\u6709\u591a\u5c11\u4e2a\u5dde", "doc_list": [["crop/12_17.png", "landing_page/12_17.png", 17], ["crop/12_13.png", "landing_page/12_13.png", 13], ["crop/12_2.png", "landing_page/12_2.png", 2], ["crop/12_10.png", "landing_page/12_10.png", 10], ["crop/12_5.png", "landing_page/12_5.png", 5], ["crop/12_9.png", "landing_page/12_9.png", 9], ["crop/12_11.png", "landing_page/12_11.png", 11], ["crop/12_3.png", "landing_page/12_3.png", 3], ["crop/12_15.png", "landing_page/12_15.png", 15], ["crop/12_6.png", "landing_page/12_6.png", 6], ["crop/12_12.png", "landing_page/12_12.png", 12], ["crop/12_1.png", "landing_page/12_1.png", 1], ["crop/12_4.png", "landing_page/12_4.png", 4], ["crop/12_14.png", "landing_page/12_14.png", 14], ["crop/12_0.png", "landing_page/12_0.png", 0], ["crop/12_16.png", "landing_page/12_16.png", 16]], "end_info": {}, "bad_len": 1}]